DATE,VALUE
1/3/1995,381.4
1/4/1995,378.25
1/5/1995,375
1/6/1995,375.9
1/9/1995,372.45
1/10/1995,374.1
1/11/1995,375
1/12/1995,377.6
1/13/1995,379.8
1/16/1995,377.45
1/17/1995,377.9
1/18/1995,382
1/19/1995,383.1
1/20/1995,383
1/23/1995,385.1
1/24/1995,381.5
1/25/1995,381.7
1/26/1995,380.5
1/27/1995,380
1/30/1995,375.9
1/31/1995,375.85
2/1/1995,376.25
2/2/1995,375.25
2/3/1995,376.35
2/6/1995,375.25
2/7/1995,375.2
2/8/1995,374.8
2/9/1995,375.85
2/10/1995,376.4
2/13/1995,375.6
2/14/1995,376
2/15/1995,376.9
2/16/1995,376.1
2/17/1995,376.55
2/20/1995,379.3
2/21/1995,379
2/22/1995,379
2/23/1995,379
2/24/1995,379.6
2/27/1995,376.8
2/28/1995,375.7
3/1/1995,376.3
3/2/1995,374.45
3/3/1995,376.35
3/6/1995,376.6
3/7/1995,379
3/8/1995,383.1
3/9/1995,381
3/10/1995,383.5
3/13/1995,382.75
3/14/1995,385.2
3/15/1995,386.6
3/16/1995,385.15
3/17/1995,382.75
3/20/1995,382.45
3/21/1995,382.6
3/22/1995,381.4
3/23/1995,383.1
3/24/1995,383.25
3/27/1995,382.3
3/28/1995,382.35
3/29/1995,383
3/30/1995,382.1
3/31/1995,386.55
4/3/1995,392.25
4/4/1995,391.95
4/5/1995,392.5
4/6/1995,393.75
4/7/1995,392
4/10/1995,390.9
4/11/1995,389.1
4/12/1995,389.8
4/13/1995,389.9
4/18/1995,394.1
4/19/1995,396.95
4/20/1995,393.35
4/21/1995,390.35
4/24/1995,391.05
4/25/1995,390.2
4/26/1995,389.85
4/27/1995,386.6
4/28/1995,389.5
5/1/1995,386.5
5/2/1995,388.35
5/3/1995,388.8
5/4/1995,390.3
5/5/1995,391.35
5/9/1995,389.9
5/10/1995,383.4
5/11/1995,383.1
5/12/1995,384.1
5/15/1995,383.9
5/16/1995,384.1
5/17/1995,383.4
5/18/1995,383.05
5/19/1995,382.6
5/22/1995,382.35
5/23/1995,381.85
5/24/1995,382.9
5/25/1995,383.75
5/26/1995,385.8
5/30/1995,386.1
5/31/1995,384.25
6/1/1995,383.2
6/2/1995,384.6
6/5/1995,383.4
6/6/1995,384.2
6/7/1995,384.65
6/8/1995,385.95
6/9/1995,386.4
6/12/1995,387.6
6/13/1995,387.5
6/14/1995,386.8
6/15/1995,388
6/16/1995,391.3
6/19/1995,390.5
6/20/1995,390.6
6/21/1995,390.7
6/22/1995,389.8
6/23/1995,389.4
6/26/1995,389.3
6/27/1995,389.35
6/28/1995,389.3
6/29/1995,387.45
6/30/1995,387.6
7/3/1995,384.35
7/4/1995,384.65
7/5/1995,384.6
7/6/1995,384.45
7/7/1995,384.8
7/10/1995,385.75
7/11/1995,384.95
7/12/1995,385.85
7/13/1995,389.3
7/14/1995,388.2
7/17/1995,388.2
7/18/1995,389.3
7/19/1995,389.25
7/20/1995,387.85
7/21/1995,385.85
7/24/1995,386.45
7/25/1995,386.65
7/26/1995,385.8
7/27/1995,386.1
7/28/1995,383.2
7/31/1995,383.35
8/1/1995,381.75
8/2/1995,382.65
8/3/1995,382.75
8/4/1995,384.35
8/7/1995,383.75
8/8/1995,384.35
8/9/1995,384.5
8/10/1995,384.05
8/11/1995,383.9
8/14/1995,383.5
8/15/1995,384.5
8/16/1995,384.1
8/17/1995,383
8/18/1995,384.85
8/21/1995,385.55
8/22/1995,383.55
8/23/1995,383.45
8/24/1995,383.1
8/25/1995,382.6
8/29/1995,383.25
8/30/1995,381.9
8/31/1995,381.65
9/1/1995,381.8
9/4/1995,379.85
9/5/1995,379.4
9/6/1995,379
9/7/1995,380.55
9/8/1995,383.05
9/11/1995,381.9
9/12/1995,382.9
9/13/1995,385.4
9/14/1995,384.7
9/15/1995,385.25
9/18/1995,384.95
9/19/1995,385.65
9/20/1995,385
9/21/1995,382.95
9/22/1995,383.25
9/25/1995,382.2
9/26/1995,383.25
9/27/1995,383.2
9/28/1995,383.55
9/29/1995,383.75
10/2/1995,383.1
10/3/1995,382.25
10/4/1995,382.6
10/5/1995,383.35
10/6/1995,382.5
10/9/1995,384.65
10/10/1995,384.7
10/11/1995,384.7
10/12/1995,384.6
10/13/1995,384
10/16/1995,384
10/17/1995,383.8
10/18/1995,383.75
10/19/1995,383.4
10/20/1995,381.85
10/23/1995,382.55
10/24/1995,382.55
10/25/1995,382.4
10/26/1995,382.7
10/27/1995,382.55
10/30/1995,382.05
10/31/1995,382.4
11/1/1995,382.5
11/2/1995,382.2
11/3/1995,382.8
11/6/1995,382.5
11/7/1995,382.3
11/8/1995,384.7
11/9/1995,384.4
11/10/1995,386.65
11/13/1995,389.6
11/14/1995,386.1
11/15/1995,385.6
11/16/1995,384.65
11/17/1995,386.6
11/20/1995,386.55
11/21/1995,386.8
11/22/1995,385.3
11/23/1995,382.55
11/24/1995,383.5
11/27/1995,385.2
11/28/1995,387.3
11/29/1995,388.95
11/30/1995,387.85
12/1/1995,387.15
12/4/1995,386.25
12/5/1995,386.3
12/6/1995,387.6
12/7/1995,388.4
12/8/1995,389.35
12/11/1995,389.7
12/12/1995,388.45
12/13/1995,388.1
12/14/1995,385.7
12/15/1995,385.85
12/18/1995,387
12/19/1995,388
12/20/1995,387.1
12/21/1995,388.4
12/22/1995,387.2
12/27/1995,387.35
12/28/1995,386.85
12/29/1995,386.7
1/2/1996,387.1
1/3/1996,390.5
1/4/1996,393.6
1/5/1996,396.4
1/8/1996,396
1/9/1996,395.65
1/10/1996,396.75
1/11/1996,399.4
1/12/1996,396.35
1/15/1996,395
1/16/1996,397.8
1/17/1996,398.9
1/18/1996,397.5
1/19/1996,396.8
1/22/1996,401.8
1/23/1996,402.65
1/24/1996,403
1/25/1996,403.35
1/26/1996,407.4
1/29/1996,405.45
1/30/1996,406.7
1/31/1996,403.2
2/1/1996,406.6
2/2/1996,416.25
2/5/1996,415.25
2/6/1996,412.2
2/7/1996,414.75
2/8/1996,406.95
2/9/1996,408.3
2/12/1996,405.25
2/13/1996,403
2/14/1996,403.9
2/15/1996,404.55
2/16/1996,403.05
2/19/1996,405.9
2/20/1996,405.4
2/21/1996,398.5
2/22/1996,399.35
2/23/1996,397.75
2/26/1996,399.55
2/27/1996,398.75
2/28/1996,397.7
2/29/1996,400.35
3/1/1996,400.3
3/4/1996,398.65
3/5/1996,392.9
3/6/1996,393.6
3/7/1996,394.2
3/8/1996,394.85
3/11/1996,396.6
3/12/1996,396
3/13/1996,397.4
3/14/1996,396.1
3/15/1996,395.6
3/18/1996,395.45
3/19/1996,395.05
3/20/1996,394.7
3/21/1996,395.3
3/22/1996,397.3
3/25/1996,398
3/26/1996,399.45
3/27/1996,400
3/28/1996,398.6
3/29/1996,396.7
4/1/1996,395
4/2/1996,394.35
4/3/1996,393.8
4/4/1996,394.3
4/9/1996,397.6
4/10/1996,394.55
4/11/1996,395.15
4/12/1996,395.2
4/15/1996,393.75
4/16/1996,393.5
4/17/1996,391.4
4/18/1996,391.3
4/19/1996,389.9
4/22/1996,390.7
4/23/1996,391.45
4/24/1996,391.1
4/25/1996,390.35
4/26/1996,393.1
4/29/1996,390.75
4/30/1996,390.15
5/1/1996,391
5/2/1996,392.8
5/3/1996,394
5/7/1996,393.75
5/8/1996,393.65
5/9/1996,393.2
5/10/1996,392.8
5/13/1996,391.25
5/14/1996,391.25
5/15/1996,391.85
5/16/1996,392
5/17/1996,392.5
5/20/1996,391.65
5/21/1996,391.2
5/22/1996,391
5/23/1996,391.35
5/24/1996,390.65
5/28/1996,392.15
5/29/1996,391.65
5/30/1996,391.55
5/31/1996,390.55
6/3/1996,390.8
6/4/1996,390.35
6/5/1996,387.95
6/6/1996,385.7
6/7/1996,385.85
6/10/1996,385.55
6/11/1996,385.4
6/12/1996,384.5
6/13/1996,384.8
6/14/1996,383.2
6/17/1996,384.55
6/18/1996,384.9
6/19/1996,386
6/20/1996,384.3
6/21/1996,384.2
6/24/1996,383.7
6/25/1996,384.85
6/26/1996,384
6/27/1996,383
6/28/1996,381.3
7/1/1996,380.6
7/2/1996,381.75
7/3/1996,382.5
7/4/1996,380.9
7/5/1996,381
7/8/1996,382.3
7/9/1996,381
7/10/1996,383.4
7/11/1996,382.5
7/12/1996,384
7/15/1996,383.55
7/16/1996,384.65
7/17/1996,383.65
7/18/1996,383.85
7/19/1996,384.35
7/22/1996,384.5
7/23/1996,385.2
7/24/1996,384.4
7/25/1996,385.05
7/26/1996,384.9
7/29/1996,385.05
7/30/1996,384.9
7/31/1996,385.5
8/1/1996,386.65
8/2/1996,387.15
8/5/1996,387.95
8/6/1996,388.85
8/7/1996,388.25
8/8/1996,387.75
8/9/1996,388.4
8/12/1996,387.2
8/13/1996,387.7
8/14/1996,387.15
8/15/1996,386.3
8/16/1996,386.2
8/19/1996,386.25
8/20/1996,387.1
8/21/1996,387.45
8/22/1996,386.9
8/23/1996,387.5
8/27/1996,389
8/28/1996,388.65
8/29/1996,388.05
8/30/1996,387.25
9/2/1996,386.9
9/3/1996,387.2
9/4/1996,385.95
9/5/1996,386
9/6/1996,385.6
9/9/1996,385
9/10/1996,382.45
9/11/1996,383.15
9/12/1996,382.2
9/13/1996,382.5
9/16/1996,382.65
9/17/1996,383.3
9/18/1996,382.9
9/19/1996,383.1
9/20/1996,382.5
9/23/1996,381.2
9/24/1996,381.6
9/25/1996,383.25
9/26/1996,382.05
9/27/1996,380.3
9/30/1996,379.3
10/1/1996,377.05
10/2/1996,379.2
10/3/1996,379.5
10/4/1996,380.2
10/7/1996,379.6
10/8/1996,381
10/9/1996,380.9
10/10/1996,381.6
10/11/1996,381.85
10/14/1996,381.05
10/15/1996,381
10/16/1996,380.8
10/17/1996,380.55
10/18/1996,379.6
10/21/1996,380
10/22/1996,382.4
10/23/1996,383.95
10/24/1996,383.7
10/25/1996,382.2
10/28/1996,382.8
10/29/1996,382.35
10/30/1996,380.3
10/31/1996,379.3
11/1/1996,377.2
11/4/1996,378.65
11/5/1996,379.25
11/6/1996,377.9
11/7/1996,377.9
11/8/1996,378.35
11/11/1996,379.75
11/12/1996,381.6
11/13/1996,382.5
11/14/1996,382.65
11/15/1996,379.85
11/18/1996,379.7
11/19/1996,378.3
11/20/1996,378.6
11/21/1996,378.5
11/22/1996,376.9
11/25/1996,375.1
11/26/1996,374.5
11/27/1996,373.95
11/28/1996,372.2
11/29/1996,371.9
12/2/1996,370.5
12/3/1996,369
12/4/1996,370.4
12/5/1996,368.3
12/6/1996,373
12/9/1996,368.5
12/10/1996,368.8
12/11/1996,369.6
12/12/1996,368.6
12/13/1996,369.05
12/16/1996,368.6
12/17/1996,368.3
12/18/1996,369
12/19/1996,369.6
12/20/1996,369.2
12/23/1996,368.7
12/24/1996,368.9
12/27/1996,369.55
12/30/1996,369.6
12/31/1996,369.55
1/2/1997,367.8
1/3/1997,364.3
1/6/1997,359.25
1/7/1997,357.65
1/8/1997,355.8
1/9/1997,354.5
1/10/1997,358.55
1/13/1997,359.6
1/14/1997,357.3
1/15/1997,352.45
1/16/1997,354
1/17/1997,354.1
1/20/1997,354.2
1/21/1997,353.4
1/22/1997,350.1
1/23/1997,349.8
1/24/1997,352.95
1/27/1997,353.1
1/28/1997,357.25
1/29/1997,350.15
1/30/1997,349.3
1/31/1997,345
2/3/1997,343.75
2/4/1997,346.3
2/5/1997,343.15
2/6/1997,343.4
2/7/1997,340.9
2/10/1997,341
2/11/1997,338.85
2/12/1997,336.9
2/13/1997,343
2/14/1997,342.5
2/17/1997,343.6
2/18/1997,346
2/19/1997,346.1
2/20/1997,344.85
2/21/1997,350.75
2/24/1997,352.45
2/25/1997,353.45
2/26/1997,353.85
2/27/1997,356.6
2/28/1997,360.6
3/3/1997,361.8
3/4/1997,361.75
3/5/1997,355.75
3/6/1997,352.15
3/7/1997,351.7
3/10/1997,349.9
3/11/1997,352.6
3/12/1997,353.15
3/13/1997,351.45
3/14/1997,353
3/17/1997,352.05
3/18/1997,347.4
3/19/1997,348.95
3/20/1997,352.7
3/21/1997,351.7
3/24/1997,350.65
3/25/1997,350.9
3/26/1997,346.8
3/27/1997,349.5
4/1/1997,349.85
4/2/1997,350.7
4/3/1997,349.1
4/4/1997,347.35
4/7/1997,347.85
4/8/1997,349.1
4/9/1997,348
4/10/1997,348.05
4/11/1997,348.65
4/14/1997,346.65
4/15/1997,345.6
4/16/1997,341.45
4/17/1997,341.2
4/18/1997,342
4/21/1997,342.15
4/22/1997,342
4/23/1997,340.7
4/24/1997,341.15
4/25/1997,341.35
4/28/1997,341.25
4/29/1997,338.95
4/30/1997,340.45
5/1/1997,339.55
5/2/1997,339.8
5/6/1997,342.8
5/7/1997,340.65
5/8/1997,342.4
5/9/1997,344.8
5/12/1997,348.2
5/13/1997,347.3
5/14/1997,349
5/15/1997,348.1
5/16/1997,347
5/19/1997,343.35
5/20/1997,342.5
5/21/1997,342.25
5/22/1997,342.95
5/23/1997,341.65
5/27/1997,343.55
5/28/1997,344.7
5/29/1997,345.7
5/30/1997,345.75
6/2/1997,344
6/3/1997,343.8
6/4/1997,342.4
6/5/1997,340.7
6/6/1997,343.8
6/9/1997,343.85
6/10/1997,344
6/11/1997,343.7
6/12/1997,341.8
6/13/1997,341.2
6/16/1997,340.95
6/17/1997,341.4
6/18/1997,342.05
6/19/1997,340.15
6/20/1997,339.55
6/23/1997,336.95
6/24/1997,338.65
6/25/1997,338.7
6/26/1997,337.9
6/27/1997,337.3
6/30/1997,334.05
7/1/1997,333.6
7/2/1997,331.45
7/3/1997,332.3
7/4/1997,325.2
7/7/1997,318.75
7/8/1997,317.6
7/9/1997,315.75
7/10/1997,319.65
7/11/1997,320.6
7/14/1997,321.35
7/15/1997,319
7/16/1997,319.5
7/17/1997,318.75
7/18/1997,323.45
7/21/1997,328.05
7/22/1997,326
7/23/1997,324.35
7/24/1997,321.8
7/25/1997,324.5
7/28/1997,325.4
7/29/1997,327.5
7/30/1997,326.4
7/31/1997,326
8/1/1997,325.3
8/4/1997,324.05
8/5/1997,323.35
8/6/1997,318.85
8/7/1997,318.95
8/8/1997,321.6
8/11/1997,326.2
8/12/1997,327.6
8/13/1997,328.6
8/14/1997,327.3
8/15/1997,323.5
8/18/1997,326.05
8/19/1997,322.1
8/20/1997,322
8/21/1997,321.9
8/22/1997,321.8
8/26/1997,325.4
8/27/1997,325.3
8/28/1997,324.7
8/29/1997,325.4
9/1/1997,324.4
9/2/1997,324.5
9/3/1997,322
9/4/1997,321.8
9/5/1997,321.6
9/8/1997,322.05
9/9/1997,321
9/10/1997,321
9/11/1997,321.05
9/12/1997,323.25
9/15/1997,323.15
9/16/1997,321.8
9/17/1997,319.95
9/18/1997,320.65
9/19/1997,321.15
9/22/1997,321.1
9/23/1997,320.7
9/24/1997,322
9/25/1997,323.15
9/26/1997,325.45
9/29/1997,327.05
9/30/1997,328.75
10/1/1997,336.8
10/2/1997,331.75
10/3/1997,331.1
10/6/1997,334.15
10/7/1997,331.5
10/8/1997,331.9
10/9/1997,333.75
10/10/1997,327.9
10/13/1997,328.8
10/14/1997,328.1
10/15/1997,325.6
10/16/1997,327.3
10/17/1997,324.2
10/20/1997,324.25
10/21/1997,323
10/22/1997,322.7
10/23/1997,323.3
10/24/1997,321.9
10/27/1997,311.8
10/28/1997,313.75
10/29/1997,313.7
10/30/1997,314
10/31/1997,310.4
11/3/1997,313.5
11/4/1997,313.3
11/5/1997,314.6
11/6/1997,312.25
11/7/1997,313.25
11/10/1997,309.7
11/11/1997,310.6
11/12/1997,310.1
11/13/1997,308.35
11/14/1997,304.5
11/17/1997,303
11/18/1997,303.65
11/19/1997,306.4
11/20/1997,303.05
11/21/1997,303.4
11/24/1997,305.5
11/25/1997,301.7
11/26/1997,297
11/27/1997,296.15
11/28/1997,296.9
12/1/1997,293.35
12/2/1997,293.5
12/3/1997,291.1
12/4/1997,289.85
12/5/1997,287.05
12/8/1997,288.1
12/9/1997,285.5
12/10/1997,285.05
12/11/1997,286.15
12/12/1997,283.05
12/15/1997,283.2
12/16/1997,283.25
12/17/1997,286.1
12/18/1997,287.05
12/19/1997,289.25
12/22/1997,290.45
12/23/1997,292.2
12/24/1997,296.1
12/29/1997,293.9
12/30/1997,290.9
12/31/1997,289.2
1/2/1998,287.7
1/5/1998,287.35
1/6/1998,281.8
1/7/1998,282.1
1/8/1998,282.9
1/9/1998,281.9
1/12/1998,278.5
1/13/1998,279.05
1/14/1998,285.9
1/15/1998,281.1
1/16/1998,287.35
1/19/1998,285.75
1/20/1998,287.2
1/21/1998,291.9
1/22/1998,293.8
1/23/1998,291.45
1/26/1998,304.5
1/27/1998,300
1/28/1998,298.25
1/29/1998,304.25
1/30/1998,301.8
2/2/1998,302
2/3/1998,299.7
2/4/1998,295.2
2/5/1998,298.9
2/6/1998,301.6
2/9/1998,300
2/10/1998,300.75
2/11/1998,298.95
2/12/1998,299
2/13/1998,298
2/16/1998,297.7
2/17/1998,299.2
2/18/1998,297.8
2/19/1998,298.3
2/20/1998,298.35
2/23/1998,295.2
2/24/1998,292.35
2/25/1998,292.3
2/26/1998,293
2/27/1998,296.55
3/2/1998,299.75
3/3/1998,297.65
3/4/1998,296
3/5/1998,294.7
3/6/1998,294.25
3/9/1998,294.45
3/10/1998,294.3
3/11/1998,295.25
3/12/1998,294
3/13/1998,295.15
3/16/1998,294.15
3/17/1998,293.8
3/18/1998,289.1
3/19/1998,291.3
3/20/1998,291.1
3/23/1998,292.8
3/24/1998,298.85
3/25/1998,298.5
3/26/1998,299.2
3/27/1998,302.75
3/30/1998,302.2
3/31/1998,299.9
4/1/1998,301.6
4/2/1998,299.3
4/3/1998,305.95
4/6/1998,313.5
4/7/1998,309.15
4/8/1998,309.75
4/9/1998,308.35
4/14/1998,309.5
4/15/1998,308.35
4/16/1998,306.3
4/17/1998,308.2
4/20/1998,307.3
4/21/1998,307.2
4/22/1998,311.2
4/23/1998,314.6
4/24/1998,312.65
4/27/1998,311.4
4/28/1998,308.6
4/29/1998,307.55
4/30/1998,310.7
5/1/1998,306.1
5/5/1998,304.2
5/6/1998,303.5
5/7/1998,299
5/8/1998,299.15
5/11/1998,299
5/12/1998,299.9
5/13/1998,295.6
5/14/1998,296.9
5/15/1998,302.3
5/18/1998,299.7
5/19/1998,299
5/20/1998,298.1
5/21/1998,300.05
5/22/1998,300.7
5/26/1998,298.85
5/27/1998,292.6
5/28/1998,293.4
5/29/1998,292.4
6/1/1998,292.35
6/2/1998,289.2
6/3/1998,293.35
6/4/1998,292.05
6/5/1998,292.2
6/8/1998,290.3
6/9/1998,296.25
6/10/1998,294.15
6/11/1998,292.9
6/12/1998,288.1
6/15/1998,286.1
6/16/1998,286.4
6/17/1998,288.4
6/18/1998,293.05
6/19/1998,293.4
6/22/1998,294.75
6/23/1998,295.55
6/24/1998,293.9
6/25/1998,293.25
6/26/1998,294.5
6/29/1998,293
6/30/1998,295.75
7/1/1998,297.1
7/2/1998,295.75
7/3/1998,293.9
7/6/1998,293.15
7/7/1998,293.1
7/8/1998,294.35
7/9/1998,292.2
7/10/1998,291.35
7/13/1998,290.7
7/14/1998,292.2
7/15/1998,292.8
7/16/1998,294.35
7/17/1998,293.6
7/20/1998,294.65
7/21/1998,295.2
7/22/1998,294.4
7/23/1998,292.9
7/24/1998,293.75
7/27/1998,290.75
7/28/1998,290.35
7/29/1998,291
7/30/1998,289.15
7/31/1998,289.4
8/3/1998,286.65
8/4/1998,285.7
8/5/1998,288.85
8/6/1998,286.85
8/7/1998,286.2
8/10/1998,286.2
8/11/1998,284.5
8/12/1998,285.5
8/13/1998,282.7
8/14/1998,284.8
8/17/1998,283.3
8/18/1998,284.4
8/19/1998,285.75
8/20/1998,283.7
8/21/1998,284.45
8/24/1998,284.3
8/25/1998,283.9
8/26/1998,282.5
8/27/1998,280.9
8/28/1998,273.4
9/1/1998,277.7
9/2/1998,280
9/3/1998,279.65
9/4/1998,285.4
9/7/1998,288.35
9/8/1998,287.3
9/9/1998,284.15
9/10/1998,285.65
9/11/1998,293.75
9/14/1998,290.3
9/15/1998,290.35
9/16/1998,289.15
9/17/1998,287.65
9/18/1998,290.85
9/21/1998,292.1
9/22/1998,288.5
9/23/1998,288
9/24/1998,290.6
9/25/1998,296.35
9/28/1998,293.8
9/29/1998,296.85
9/30/1998,294.1
10/1/1998,299
10/2/1998,301.4
10/5/1998,298.75
10/6/1998,296.35
10/7/1998,298.85
10/8/1998,302.35
10/9/1998,299.65
10/12/1998,296.65
10/13/1998,296.8
10/14/1998,296.6
10/15/1998,296
10/16/1998,300.45
10/19/1998,298.35
10/20/1998,295.85
10/21/1998,296.9
10/22/1998,293.75
10/23/1998,292.85
10/26/1998,291.2
10/27/1998,293
10/28/1998,293.75
10/29/1998,293.5
10/30/1998,293.1
11/2/1998,292.75
11/3/1998,290.1
11/4/1998,290.1
11/5/1998,290.9
11/6/1998,293.6
11/9/1998,292.4
11/10/1998,291.75
11/11/1998,293.6
11/12/1998,293
11/13/1998,297.2
11/16/1998,295.35
11/17/1998,294.6
11/18/1998,294.4
11/19/1998,297.85
11/20/1998,296.05
11/23/1998,295.6
11/24/1998,295.95
11/25/1998,296.2
11/26/1998,296.25
11/27/1998,295.7
11/30/1998,295.75
12/1/1998,293.35
12/2/1998,293.9
12/3/1998,292.95
12/4/1998,292.4
12/7/1998,292.35
12/8/1998,294.5
12/9/1998,293.5
12/10/1998,294.9
12/11/1998,294.3
12/14/1998,291.25
12/15/1998,292.5
12/16/1998,292.55
12/17/1998,293.75
12/18/1998,292.35
12/21/1998,289.95
12/22/1998,288.7
12/23/1998,287.7
12/24/1998,286.65
12/29/1998,286.7
12/30/1998,286.8
12/31/1998,287.45
1/4/1999,288.25
1/5/1999,287
1/6/1999,287.15
1/7/1999,288.6
1/8/1999,290.9
1/11/1999,291.25
1/12/1999,291.4
1/13/1999,288.2
1/14/1999,285.7
1/15/1999,285.85
1/18/1999,286.95
1/19/1999,287.3
1/20/1999,285.9
1/21/1999,287.1
1/22/1999,287.75
1/25/1999,286.3
1/26/1999,287.3
1/27/1999,285.8
1/28/1999,282.3
1/29/1999,285.65
2/1/1999,287.1
2/2/1999,289.75
2/3/1999,287.55
2/4/1999,287.25
2/5/1999,289.75
2/8/1999,288.85
2/9/1999,287.65
2/10/1999,287.1
2/11/1999,287.5
2/12/1999,287.4
2/15/1999,290.05
2/16/1999,288.05
2/17/1999,285.35
2/18/1999,285.65
2/19/1999,287.05
2/22/1999,287.2
2/23/1999,286.65
2/24/1999,286.1
2/25/1999,287.1
2/26/1999,286.8
3/1/1999,287.05
3/2/1999,286.4
3/3/1999,286.65
3/4/1999,286.7
3/5/1999,287.9
3/8/1999,288.5
3/9/1999,291.9
3/10/1999,291.5
3/11/1999,293.8
3/12/1999,293.65
3/15/1999,291.25
3/16/1999,286.8
3/17/1999,283.9
3/18/1999,284.35
3/19/1999,283.45
3/22/1999,284.5
3/23/1999,285.1
3/24/1999,284.25
3/25/1999,283.75
3/26/1999,282
3/29/1999,280.35
3/30/1999,280.05
3/31/1999,279.8
4/1/1999,280.5
4/6/1999,278.35
4/7/1999,280.25
4/8/1999,280.4
4/9/1999,281.6
4/12/1999,282.7
4/13/1999,282.5
4/14/1999,283.85
4/15/1999,281.25
4/16/1999,283.9
4/19/1999,284.65
4/20/1999,284.55
4/21/1999,283.9
4/22/1999,283.35
4/23/1999,283.7
4/26/1999,283.1
4/27/1999,281.5
4/28/1999,282.8
4/29/1999,283.7
4/30/1999,285.85
5/4/1999,285.6
5/5/1999,285.5
5/6/1999,288.1
5/7/1999,283.4
5/10/1999,280.65
5/11/1999,278.3
5/12/1999,278
5/13/1999,278.4
5/14/1999,277.2
5/17/1999,276.1
5/18/1999,274.7
5/19/1999,272.85
5/20/1999,274.4
5/21/1999,274.85
5/24/1999,272.2
5/25/1999,272.65
5/26/1999,269.5
5/27/1999,268.25
5/28/1999,271.05
6/1/1999,265.5
6/2/1999,267.05
6/3/1999,263.85
6/4/1999,266.5
6/7/1999,266.35
6/8/1999,263.85
6/9/1999,262
6/10/1999,258.35
6/11/1999,259.2
6/14/1999,259.3
6/15/1999,259.65
6/16/1999,258.9
6/17/1999,259
6/18/1999,260.5
6/21/1999,259.15
6/22/1999,259.15
6/23/1999,258.7
6/24/1999,260.7
6/25/1999,261.15
6/28/1999,260
6/29/1999,260.8
6/30/1999,261.2
7/1/1999,263
7/2/1999,262.9
7/5/1999,262.85
7/6/1999,261.3
7/7/1999,256.2
7/8/1999,256.4
7/9/1999,257
7/12/1999,256.05
7/13/1999,254.25
7/14/1999,255.6
7/15/1999,253.75
7/16/1999,254.8
7/19/1999,253.15
7/20/1999,253
7/21/1999,252.9
7/22/1999,255.35
7/23/1999,254.9
7/26/1999,253.5
7/27/1999,254.2
7/28/1999,254
7/29/1999,254.5
7/30/1999,256.75
8/2/1999,255.35
8/3/1999,255.7
8/4/1999,257.5
8/5/1999,256.25
8/6/1999,255.3
8/9/1999,256.45
8/10/1999,257
8/11/1999,256.9
8/12/1999,260.2
8/13/1999,260.7
8/16/1999,259.25
8/17/1999,259
8/18/1999,261.5
8/19/1999,258.6
8/20/1999,258.6
8/23/1999,257.5
8/24/1999,254.2
8/25/1999,253.2
8/26/1999,253.15
8/27/1999,254.7
8/31/1999,254.6
9/1/1999,255.45
9/2/1999,254.05
9/3/1999,255.4
9/6/1999,254.9
9/7/1999,254.9
9/8/1999,256
9/9/1999,256.8
9/10/1999,256.2
9/13/1999,256.6
9/14/1999,256.7
9/15/1999,257.4
9/16/1999,255.7
9/17/1999,255.2
9/20/1999,255.3
9/21/1999,255.2
9/22/1999,262.6
9/23/1999,263.4
9/24/1999,265.6
9/27/1999,281.7
9/28/1999,288.25
9/29/1999,317.25
9/30/1999,303.75
10/1/1999,303
10/4/1999,311.75
10/5/1999,326.25
10/6/1999,325
10/7/1999,318
10/8/1999,322.75
10/11/1999,317.75
10/12/1999,323.5
10/13/1999,320.5
10/14/1999,322.65
10/15/1999,316
10/18/1999,317.65
10/19/1999,309
10/20/1999,309.75
10/21/1999,305.5
10/22/1999,303.25
10/25/1999,302.4
10/26/1999,297.95
10/27/1999,290.4
10/28/1999,300.9
10/29/1999,298.85
11/1/1999,293.85
11/2/1999,292.05
11/3/1999,291.75
11/4/1999,292.25
11/5/1999,292
11/8/1999,289
11/9/1999,291.25
11/10/1999,291.85
11/11/1999,296.25
11/12/1999,292.8
11/15/1999,292.7
11/16/1999,292
11/17/1999,295.45
11/18/1999,293.65
11/19/1999,293.7
11/22/1999,294.4
11/23/1999,296.7
11/24/1999,297.85
11/25/1999,298.5
11/26/1999,297.2
11/29/1999,293.1
11/30/1999,292
12/1/1999,291.4
12/2/1999,289.25
12/3/1999,280.85
12/6/1999,277.25
12/7/1999,280
12/8/1999,283.3
12/9/1999,279.6
12/10/1999,278.45
12/13/1999,279.75
12/14/1999,280.3
12/15/1999,279.85
12/16/1999,280.25
12/17/1999,283.05
12/20/1999,284.25
12/21/1999,284.6
12/22/1999,287
12/23/1999,286.4
12/24/1999,287.8
12/29/1999,290.65
12/30/1999,290.85
1/4/2000,282.05
1/5/2000,282.1
1/6/2000,280.35
1/7/2000,282
1/10/2000,281.7
1/11/2000,281.7
1/12/2000,282.25
1/13/2000,282.2
1/14/2000,284.15
1/17/2000,284.9
1/18/2000,286.85
1/19/2000,288.75
1/20/2000,288.35
1/21/2000,287.7
1/24/2000,287.45
1/25/2000,288.7
1/26/2000,284.9
1/27/2000,286.5
1/28/2000,286.15
1/31/2000,283.05
2/1/2000,283.65
2/2/2000,283.1
2/3/2000,285.25
2/4/2000,287.5
2/7/2000,316.6
2/8/2000,303.15
2/9/2000,306
2/10/2000,311.25
2/11/2000,316.5
2/14/2000,308.75
2/15/2000,307
2/16/2000,300.5
2/17/2000,306.25
2/18/2000,302.25
2/21/2000,305.75
2/22/2000,305.4
2/23/2000,305.25
2/24/2000,299.9
2/25/2000,297.15
2/28/2000,292.75
2/29/2000,294
3/1/2000,293.75
3/2/2000,289
3/3/2000,289.3
3/6/2000,289.25
3/7/2000,288.35
3/8/2000,292.75
3/9/2000,289
3/10/2000,292.1
3/13/2000,289.65
3/14/2000,290.3
3/15/2000,288.7
3/16/2000,288.4
3/17/2000,285.5
3/20/2000,284.85
3/21/2000,286.15
3/22/2000,289.4
3/23/2000,286.5
3/24/2000,284.9
3/27/2000,284.35
3/28/2000,280.3
3/29/2000,279.1
3/30/2000,276.7
3/31/2000,275.9
4/3/2000,278.8
4/4/2000,276.75
4/5/2000,283.1
4/6/2000,278.85
4/7/2000,279.95
4/10/2000,281.5
4/11/2000,281.2
4/12/2000,280.25
4/13/2000,281.4
4/14/2000,280.65
4/17/2000,283.5
4/18/2000,281.8
4/19/2000,281.4
4/20/2000,280.5
4/25/2000,280
4/26/2000,277.7
4/27/2000,276.1
4/28/2000,275.85
5/2/2000,275
5/3/2000,277.6
5/4/2000,277.3
5/5/2000,280.5
5/8/2000,277.25
5/9/2000,276.9
5/10/2000,277.8
5/11/2000,277
5/12/2000,276.2
5/15/2000,275.65
5/16/2000,275.7
5/17/2000,274.85
5/18/2000,272.5
5/19/2000,273.75
5/22/2000,274
5/23/2000,275.15
5/24/2000,273.9
5/25/2000,273
5/26/2000,270.45
5/30/2000,274.4
5/31/2000,272.25
6/1/2000,272.8
6/2/2000,272.95
6/5/2000,281.7
6/6/2000,284.8
6/7/2000,286.95
6/8/2000,285.1
6/9/2000,285.15
6/12/2000,284.1
6/13/2000,293
6/14/2000,286.05
6/15/2000,289.15
6/16/2000,290.3
6/19/2000,288.1
6/20/2000,286.4
6/21/2000,286.6
6/22/2000,286.1
6/23/2000,285.3
6/26/2000,283
6/27/2000,284.2
6/28/2000,286.35
6/29/2000,290.85
6/30/2000,289.15
7/3/2000,288.05
7/4/2000,287.8
7/5/2000,287.7
7/6/2000,285.4
7/7/2000,284.15
7/10/2000,284.25
7/11/2000,283.6
7/12/2000,282.85
7/13/2000,280.65
7/14/2000,280.65
7/17/2000,282.4
7/18/2000,282.65
7/19/2000,281.8
7/20/2000,277.9
7/21/2000,280.35
7/24/2000,280.05
7/25/2000,278.75
7/26/2000,280.15
7/27/2000,280.2
7/28/2000,278.45
7/31/2000,277.4
8/1/2000,277.3
8/2/2000,277.15
8/3/2000,276.65
8/4/2000,273.3
8/7/2000,273.5
8/8/2000,274
8/9/2000,272.3
8/10/2000,272.45
8/11/2000,273.15
8/14/2000,275.45
8/15/2000,274.7
8/16/2000,275.5
8/17/2000,277.15
8/18/2000,277.15
8/21/2000,276.4
8/22/2000,274
8/23/2000,272.45
8/24/2000,272
8/25/2000,273.35
8/29/2000,274
8/30/2000,272.6
8/31/2000,274.95
9/1/2000,276.6
9/4/2000,277
9/5/2000,276.2
9/6/2000,275.3
9/7/2000,272.95
9/8/2000,274.1
9/11/2000,272.6
9/12/2000,272.8
9/13/2000,272.8
9/14/2000,272.8
9/15/2000,272.85
9/18/2000,272.45
9/19/2000,272
9/20/2000,271.1
9/21/2000,269.65
9/22/2000,272.35
9/25/2000,273.55
9/26/2000,274.05
9/27/2000,274.75
9/28/2000,277.2
9/29/2000,274.1
10/2/2000,274.3
10/3/2000,272.4
10/4/2000,271.3
10/5/2000,271.35
10/6/2000,270.8
10/9/2000,270.25
10/10/2000,269.75
10/11/2000,273
10/12/2000,270.8
10/13/2000,275.85
10/16/2000,272.05
10/17/2000,270.55
10/18/2000,271.3
10/19/2000,270.5
10/20/2000,271.5
10/23/2000,271.25
10/24/2000,270.4
10/25/2000,269.3
10/26/2000,266.75
10/27/2000,266.05
10/30/2000,265.65
10/31/2000,263.8
11/1/2000,266
11/2/2000,265.75
11/3/2000,266.45
11/6/2000,265.75
11/7/2000,264.1
11/8/2000,265
11/9/2000,264.3
11/10/2000,265.15
11/13/2000,264.3
11/14/2000,264.5
11/15/2000,265.25
11/16/2000,265.4
11/17/2000,266.5
11/20/2000,265.75
11/21/2000,267.25
11/22/2000,266.45
11/23/2000,265.9
11/24/2000,266
11/27/2000,266.2
11/28/2000,269.75
11/29/2000,269
11/30/2000,267
12/1/2000,271.2
12/4/2000,271.15
12/5/2000,271.85
12/6/2000,270.85
12/7/2000,275.1
12/8/2000,273.3
12/11/2000,272.5
12/12/2000,271
12/13/2000,269.95
12/14/2000,269.7
12/15/2000,270.3
12/18/2000,270.5
12/19/2000,269.45
12/20/2000,270.2
12/21/2000,273
12/22/2000,273.95
12/27/2000,274.7
12/28/2000,274.6
12/29/2000,272.65
1/2/2001,272.8
1/3/2001,269
1/4/2001,268.75
1/5/2001,268
1/8/2001,268.6
1/9/2001,267.75
1/10/2001,266.7
1/11/2001,264.8
1/12/2001,263.65
1/15/2001,263.35
1/16/2001,264.5
1/17/2001,263.1
1/18/2001,264.1
1/19/2001,265.75
1/22/2001,266.1
1/23/2001,267.1
1/24/2001,265.7
1/25/2001,263.6
1/26/2001,264.5
1/29/2001,263.1
1/30/2001,263.4
1/31/2001,266.2
2/1/2001,266.85
2/2/2001,268
2/5/2001,266.25
2/6/2001,264.55
2/7/2001,262.9
2/8/2001,263.4
2/9/2001,260.5
2/12/2001,260.9
2/13/2001,261.5
2/14/2001,260.9
2/15/2001,259.5
2/16/2001,256.7
2/19/2001,258.95
2/20/2001,258.3
2/21/2001,257.3
2/22/2001,258
2/23/2001,259.95
2/26/2001,262.8
2/27/2001,268.1
2/28/2001,265
3/1/2001,266.7
3/2/2001,263.35
3/5/2001,261.85
3/6/2001,262.6
3/7/2001,261.55
3/8/2001,263.6
3/9/2001,268.75
3/12/2001,270.5
3/13/2001,269.4
3/14/2001,267.45
3/15/2001,262.7
3/16/2001,260.2
3/19/2001,260.5
3/20/2001,262.6
3/21/2001,261.2
3/22/2001,262.25
3/23/2001,262.3
3/26/2001,261.3
3/27/2001,262.75
3/28/2001,261.2
3/29/2001,260.2
3/30/2001,259.05
4/2/2001,257.55
4/3/2001,257
4/4/2001,259.2
4/5/2001,258.2
4/6/2001,258.1
4/9/2001,260.9
4/10/2001,257.05
4/11/2001,258.45
4/12/2001,259.4
4/17/2001,262.15
4/18/2001,260.1
4/19/2001,261.35
4/20/2001,264.2
4/23/2001,262.9
4/24/2001,263.65
4/25/2001,263.95
4/26/2001,262.2
4/27/2001,264.45
4/30/2001,263.45
5/1/2001,263.8
5/2/2001,265
5/3/2001,265.3
5/4/2001,265.8
5/8/2001,265.6
5/9/2001,265.2
5/10/2001,269.4
5/11/2001,268.95
5/14/2001,267.7
5/15/2001,268.05
5/16/2001,269.1
5/17/2001,271.75
5/18/2001,272.1
5/21/2001,288.35
5/22/2001,282.75
5/23/2001,283.85
5/24/2001,283.45
5/25/2001,280.65
5/29/2001,276.65
5/30/2001,273.65
5/31/2001,266.1
6/1/2001,265.65
6/4/2001,266.25
6/5/2001,266.15
6/6/2001,266.95
6/7/2001,266.25
6/8/2001,267.25
6/11/2001,272.75
6/12/2001,267.9
6/13/2001,271.8
6/14/2001,272.2
6/15/2001,274.35
6/18/2001,271.5
6/19/2001,273.95
6/20/2001,272.4
6/21/2001,272.65
6/22/2001,273.2
6/25/2001,273.1
6/26/2001,273.85
6/27/2001,276
6/28/2001,271.45
6/29/2001,269.9
7/2/2001,269.1
7/3/2001,268.6
7/4/2001,267.6
7/5/2001,267.55
7/6/2001,265.2
7/9/2001,266.85
7/10/2001,267.2
7/11/2001,266.55
7/12/2001,267.55
7/13/2001,266.4
7/16/2001,268
7/17/2001,266.85
7/18/2001,268.1
7/19/2001,271.55
7/20/2001,270.1
7/23/2001,269.25
7/24/2001,268.9
7/25/2001,269.25
7/26/2001,267.15
7/27/2001,265.85
7/30/2001,266.4
7/31/2001,265.55
8/1/2001,267.7
8/2/2001,268.3
8/3/2001,267.5
8/6/2001,267.9
8/7/2001,266.7
8/8/2001,266.5
8/9/2001,269
8/10/2001,273.35
8/13/2001,275.1
8/14/2001,274.1
8/15/2001,276.35
8/16/2001,275.1
8/17/2001,276.25
8/20/2001,277.75
8/21/2001,276.95
8/22/2001,277.25
8/23/2001,274.3
8/24/2001,275.15
8/28/2001,271.6
8/29/2001,272.85
8/30/2001,273.4
8/31/2001,275.35
9/3/2001,273.55
9/4/2001,272.25
9/5/2001,271.7
9/6/2001,272
9/7/2001,273.15
9/10/2001,273.2
9/11/2001,271.4
9/12/2001,279.5
9/13/2001,278.5
9/14/2001,284.5
9/17/2001,291
9/18/2001,288.65
9/19/2001,289.35
9/20/2001,288.2
9/21/2001,291.3
9/24/2001,289.65
9/25/2001,287.95
9/26/2001,291.6
9/27/2001,291.25
9/28/2001,290.85
10/1/2001,291.65
10/2/2001,291.1
10/3/2001,289.95
10/4/2001,289.15
10/5/2001,291.6
10/8/2001,292.85
10/9/2001,291.1
10/10/2001,286.5
10/11/2001,282.35
10/12/2001,282.85
10/15/2001,283.75
10/16/2001,281.25
10/17/2001,281.65
10/18/2001,282.2
10/19/2001,278.7
10/22/2001,277.55
10/23/2001,274.9
10/24/2001,276.15
10/25/2001,275.35
10/26/2001,276.95
10/29/2001,277.7
10/30/2001,280.2
10/31/2001,280.95
11/1/2001,279.45
11/2/2001,280.2
11/5/2001,278.95
11/6/2001,278.9
11/7/2001,280.5
11/8/2001,280.2
11/9/2001,277.3
11/12/2001,277.7
11/13/2001,277.65
11/14/2001,277.55
11/15/2001,276.05
11/16/2001,275.5
11/19/2001,274.2
11/20/2001,273.75
11/21/2001,273.15
11/22/2001,273.2
11/23/2001,272.55
11/26/2001,273.05
11/27/2001,273.65
11/28/2001,274.6
11/29/2001,274.65
11/30/2001,274.7
12/3/2001,275.25
12/4/2001,276.55
12/5/2001,275.75
12/6/2001,274.1
12/7/2001,274.75
12/10/2001,273.35
12/11/2001,272.6
12/12/2001,273.25
12/13/2001,273.95
12/14/2001,274.85
12/17/2001,277.8
12/18/2001,278.85
12/19/2001,278.9
12/20/2001,276.25
12/21/2001,277.8
12/24/2001,277.7
12/27/2001,278.05
12/28/2001,277.6
12/31/2001,276.5
1/2/2002,278.1
1/3/2002,278.65
1/4/2002,278.95
1/7/2002,279.65
1/8/2002,278.2
1/9/2002,279.35
1/10/2002,287
1/11/2002,286.6
1/14/2002,286.4
1/15/2002,283.85
1/16/2002,287.95
1/17/2002,285.15
1/18/2002,283.7
1/21/2002,282.65
1/22/2002,283.35
1/23/2002,281.6
1/24/2002,279.05
1/25/2002,279
1/28/2002,279.35
1/29/2002,277.8
1/30/2002,280.95
1/31/2002,281.5
2/1/2002,282
2/4/2002,285.8
2/5/2002,290.35
2/6/2002,297.45
2/7/2002,300.35
2/8/2002,305.1
2/11/2002,301.5
2/12/2002,298.9
2/13/2002,298.6
2/14/2002,298.1
2/15/2002,300.4
2/18/2002,298.5
2/19/2002,297.25
2/20/2002,294.2
2/21/2002,291.15
2/22/2002,293.35
2/25/2002,291.8
2/26/2002,293
2/27/2002,299.3
2/28/2002,296.55
3/1/2002,295.8
3/4/2002,299.55
3/5/2002,296.6
3/6/2002,294.35
3/7/2002,292.15
3/8/2002,289.3
3/11/2002,291.75
3/12/2002,292
3/13/2002,293.75
3/14/2002,292.7
3/15/2002,291
3/18/2002,291
3/19/2002,293.2
3/20/2002,292.7
3/21/2002,292.25
3/22/2002,293.65
3/25/2002,297.7
3/26/2002,297.1
3/27/2002,297.5
3/28/2002,303
4/2/2002,302.65
4/3/2002,304.95
4/4/2002,301.5
4/5/2002,300.8
4/8/2002,298.5
4/9/2002,299.3
4/10/2002,297.8
4/11/2002,301.8
4/12/2002,301.65
4/15/2002,301.8
4/16/2002,299.35
4/17/2002,300.15
4/18/2002,302.3
4/19/2002,303.7
4/22/2002,303.35
4/23/2002,303.25
4/24/2002,304.5
4/25/2002,305.1
4/26/2002,307.65
4/29/2002,310.65
4/30/2002,309.35
5/1/2002,308.3
5/2/2002,308.1
5/3/2002,308.85
5/7/2002,312.65
5/8/2002,310.9
5/9/2002,308.75
5/10/2002,310.65
5/13/2002,311.6
5/14/2002,309.95
5/15/2002,307.5
5/16/2002,309.05
5/17/2002,310.65
5/20/2002,311.8
5/21/2002,315.1
5/22/2002,318.25
5/23/2002,316.25
5/24/2002,320.9
5/27/2002,320.8
5/28/2002,321.4
5/29/2002,325.2
5/30/2002,324.65
5/31/2002,327.25
6/5/2002,324.5
6/6/2002,322.9
6/7/2002,326.55
6/10/2002,323.1
6/11/2002,319
6/12/2002,319.55
6/13/2002,317.6
6/14/2002,319.7
6/17/2002,317.95
6/18/2002,318.05
6/19/2002,321.85
6/20/2002,320.85
6/21/2002,323.5
6/24/2002,326.35
6/25/2002,323.1
6/26/2002,324.6
6/27/2002,319.45
6/28/2002,319.05
7/1/2002,312.3
7/2/2002,312.9
7/3/2002,312.85
7/4/2002,310.9
7/5/2002,310.75
7/8/2002,313
7/9/2002,312.45
7/10/2002,315.95
7/11/2002,314.5
7/12/2002,316.5
7/15/2002,316.35
7/16/2002,320.35
7/17/2002,317.75
7/18/2002,316.6
7/19/2002,319.15
7/22/2002,324
7/23/2002,320.3
7/24/2002,313.6
7/25/2002,310.25
7/26/2002,308.6
7/29/2002,303.05
7/30/2002,304.45
7/31/2002,305.5
8/1/2002,300.65
8/2/2002,306.5
8/5/2002,307.6
8/6/2002,306.75
8/7/2002,307.8
8/8/2002,312.95
8/9/2002,309.6
8/12/2002,316.25
8/13/2002,314.7
8/14/2002,316.25
8/15/2002,312.7
8/16/2002,314.55
8/19/2002,313.05
8/20/2002,307.6
8/21/2002,308.35
8/22/2002,306.45
8/23/2002,305.8
8/27/2002,309.4
8/28/2002,310.95
8/29/2002,310.65
8/30/2002,312.4
9/2/2002,312.25
9/3/2002,313.5
9/4/2002,312.7
9/5/2002,316.2
9/6/2002,317.9
9/9/2002,322.2
9/10/2002,318.35
9/11/2002,317.15
9/12/2002,318
9/13/2002,318.5
9/16/2002,316.55
9/17/2002,315.3
9/18/2002,317.6
9/19/2002,320.15
9/20/2002,321.55
9/23/2002,323.45
9/24/2002,323.3
9/25/2002,325.25
9/26/2002,322.35
9/27/2002,320.15
9/30/2002,322.4
10/1/2002,322.6
10/2/2002,320.4
10/3/2002,322.7
10/4/2002,321.65
10/7/2002,322.35
10/8/2002,320.7
10/9/2002,318.8
10/10/2002,319.5
10/11/2002,317.1
10/14/2002,318
10/15/2002,317.5
10/16/2002,314
10/17/2002,312.8
10/18/2002,312.45
10/21/2002,313.4
10/22/2002,311.65
10/23/2002,313.4
10/24/2002,311.1
10/25/2002,312.3
10/28/2002,313.3
10/29/2002,316.35
10/30/2002,316.8
10/31/2002,316.35
11/1/2002,318.75
11/4/2002,317.2
11/5/2002,318.9
11/6/2002,317.5
11/7/2002,319.7
11/8/2002,322.55
11/11/2002,321.1
11/12/2002,321.9
11/13/2002,323.2
11/14/2002,318.6
11/15/2002,318.5
11/18/2002,319.8
11/19/2002,319.8
11/20/2002,319
11/21/2002,318.4
11/22/2002,318.2
11/25/2002,319.5
11/26/2002,318
11/27/2002,318.2
11/28/2002,317.3
11/29/2002,318.25
12/2/2002,317.3
12/3/2002,317.7
12/4/2002,320.7
12/5/2002,322.1
12/6/2002,325.3
12/9/2002,325.3
12/10/2002,325.95
12/11/2002,323.75
12/12/2002,326.15
12/13/2002,333.5
12/16/2002,332.9
12/17/2002,341
12/18/2002,337.05
12/19/2002,345.75
12/20/2002,343.1
12/23/2002,343.9
12/24/2002,345
12/27/2002,348.3
12/30/2002,348.5
12/31/2002,342.75
1/2/2003,342.2
1/3/2003,344
1/6/2003,356.1
1/7/2003,348.7
1/8/2003,346.75
1/9/2003,354.6
1/10/2003,353.15
1/13/2003,352.35
1/14/2003,353.75
1/15/2003,351.9
1/16/2003,350.85
1/17/2003,358.2
1/20/2003,355.8
1/21/2003,355.55
1/22/2003,359.25
1/23/2003,363.3
1/24/2003,364.1
1/27/2003,370.8
1/28/2003,366.45
1/29/2003,369.85
1/30/2003,363
1/31/2003,370.35
2/3/2003,369
2/4/2003,374.85
2/5/2003,385
2/6/2003,372.5
2/7/2003,370.55
2/10/2003,371.75
2/11/2003,362.15
2/12/2003,363.15
2/13/2003,354.25
2/14/2003,356.25
2/17/2003,346.55
2/18/2003,347
2/19/2003,347.2
2/20/2003,351.1
2/21/2003,354
2/24/2003,352.9
2/25/2003,359.1
2/26/2003,352.55
2/27/2003,354
2/28/2003,347.65
3/3/2003,348.45
3/4/2003,352.4
3/5/2003,354.5
3/6/2003,353.25
3/7/2003,356.6
3/10/2003,353.1
3/11/2003,353.15
3/12/2003,349
3/13/2003,342.9
3/14/2003,335.5
3/17/2003,340.5
3/18/2003,334.9
3/19/2003,339
3/20/2003,335.5
3/21/2003,332.55
3/24/2003,330.15
3/25/2003,333
3/26/2003,329.6
3/27/2003,333.15
3/28/2003,330.3
3/31/2003,335.35
4/1/2003,335.65
4/2/2003,330.25
4/3/2003,324.7
4/4/2003,323.2
4/7/2003,319.75
4/8/2003,322.3
4/9/2003,324.1
4/10/2003,325.1
4/11/2003,325.05
4/14/2003,325.6
4/15/2003,323.7
4/16/2003,323.85
4/17/2003,326.1
4/22/2003,333.25
4/23/2003,333.8
4/24/2003,332
4/25/2003,333.4
4/28/2003,333.75
4/29/2003,332.6
4/30/2003,336
5/1/2003,338.95
5/2/2003,341.25
5/6/2003,342.65
5/7/2003,343
5/8/2003,341.4
5/9/2003,348.7
5/12/2003,350.35
5/13/2003,350.75
5/14/2003,348.9
5/15/2003,353.85
5/16/2003,352.55
5/19/2003,359.75
5/20/2003,368
5/21/2003,364.9
5/22/2003,369.6
5/23/2003,369.7
5/27/2003,372.35
5/28/2003,364.55
5/29/2003,361.1
5/30/2003,365.8
6/2/2003,361.3
6/3/2003,365.3
6/4/2003,365.3
6/5/2003,362.6
6/6/2003,367.35
6/9/2003,362.8
6/10/2003,359.4
6/11/2003,354.15
6/12/2003,354.2
6/13/2003,353.95
6/16/2003,359
6/17/2003,359.75
6/18/2003,361.25
6/19/2003,356.45
6/20/2003,359.6
6/23/2003,356.05
6/24/2003,354.35
6/25/2003,347.85
6/26/2003,345.85
6/27/2003,343.5
6/30/2003,345.15
7/1/2003,348.55
7/2/2003,351.2
7/3/2003,349.6
7/4/2003,351.1
7/7/2003,350.25
7/8/2003,345.3
7/9/2003,345.45
7/10/2003,343.4
7/11/2003,344.2
7/14/2003,344.5
7/15/2003,348.5
7/16/2003,343
7/17/2003,344.6
7/18/2003,344
7/21/2003,347.8
7/22/2003,352.25
7/23/2003,352.2
7/24/2003,359.8
7/25/2003,361.1
7/28/2003,361.95
7/29/2003,364
7/30/2003,359.1
7/31/2003,355.75
8/1/2003,353.05
8/4/2003,348.95
8/5/2003,349.5
8/6/2003,352.65
8/7/2003,350.15
8/8/2003,353.5
8/11/2003,357
8/12/2003,360
8/13/2003,356
8/14/2003,362.25
8/15/2003,363.3
8/18/2003,361.3
8/19/2003,358.3
8/20/2003,362.2
8/21/2003,364
8/22/2003,360.75
8/26/2003,360.75
8/27/2003,364.3
8/28/2003,370.9
8/29/2003,371
9/1/2003,376.35
9/2/2003,375.5
9/3/2003,372.2
9/4/2003,373
9/5/2003,371
9/8/2003,376.4
9/9/2003,378.2
9/10/2003,381.15
9/11/2003,379.05
9/12/2003,377.5
9/15/2003,375.3
9/16/2003,374.9
9/17/2003,372.9
9/18/2003,376.95
9/19/2003,376.3
9/22/2003,386.2
9/23/2003,386.45
9/24/2003,385.25
9/25/2003,391.85
9/26/2003,384.1
9/29/2003,379.85
9/30/2003,384.5
10/1/2003,385
10/2/2003,385.15
10/3/2003,383.95
10/6/2003,372.75
10/7/2003,376.2
10/8/2003,376.6
10/9/2003,376.45
10/10/2003,370.35
10/13/2003,370.8
10/14/2003,373.65
10/15/2003,374.5
10/16/2003,371.2
10/17/2003,371.8
10/20/2003,371.45
10/21/2003,374.8
10/22/2003,381.55
10/23/2003,386.75
10/24/2003,384.6
10/27/2003,386.75
10/28/2003,386.55
10/29/2003,382.7
10/30/2003,391
10/31/2003,384.6
11/3/2003,383.25
11/4/2003,378.3
11/5/2003,382.15
11/6/2003,381.9
11/7/2003,381
11/10/2003,382.85
11/11/2003,386.4
11/12/2003,388.05
11/13/2003,395.5
11/14/2003,395.35
11/17/2003,398
11/18/2003,392.4
11/19/2003,397.15
11/20/2003,395.75
11/21/2003,393.85
11/24/2003,394.25
11/25/2003,391.5
11/26/2003,392
11/27/2003,396.25
11/28/2003,398.1
12/1/2003,398.75
12/2/2003,401.05
12/3/2003,403.3
12/4/2003,402.4
12/5/2003,402
12/8/2003,408.75
12/9/2003,408.25
12/10/2003,407.3
12/11/2003,404
12/12/2003,406.6
12/15/2003,404.5
12/16/2003,409.7
12/17/2003,407.5
12/18/2003,410.75
12/19/2003,408.75
12/22/2003,410.8
12/23/2003,409.6
12/24/2003,410.8
12/29/2003,413.5
12/30/2003,415.6
12/31/2003,417.25
1/2/2004,415.2
1/5/2004,417.75
1/6/2004,428
1/7/2004,420.65
1/8/2004,418.1
1/9/2004,422.8
1/12/2004,428.2
1/13/2004,424.5
1/14/2004,421
1/15/2004,415.5
1/16/2004,410.3
1/19/2004,407.1
1/20/2004,408.3
1/21/2004,411.25
1/22/2004,412
1/23/2004,411.4
1/26/2004,406.2
1/27/2004,404
1/28/2004,410.7
1/29/2004,410.15
1/30/2004,401.3
2/2/2004,401.85
2/3/2004,401.75
2/4/2004,399.6
2/5/2004,399.3
2/6/2004,396.4
2/9/2004,406.7
2/10/2004,408.35
2/11/2004,406.4
2/12/2004,411.4
2/13/2004,412.1
2/16/2004,410.7
2/17/2004,413.7
2/18/2004,415.9
2/19/2004,410.2
2/20/2004,408.25
2/23/2004,399.85
2/24/2004,401.45
2/25/2004,403.4
2/26/2004,395.05
2/27/2004,392.25
3/1/2004,398.5
3/2/2004,398.6
3/3/2004,390.35
3/4/2004,394.15
3/5/2004,393.5
3/8/2004,399.4
3/9/2004,401.2
3/10/2004,400.8
3/11/2004,397.4
3/12/2004,400.75
3/15/2004,399
3/16/2004,399.6
3/17/2004,402
3/18/2004,407.15
3/19/2004,411
3/22/2004,414.1
3/23/2004,415.2
3/24/2004,417.6
3/25/2004,416.6
3/26/2004,417.5
3/29/2004,420.9
3/30/2004,419.15
3/31/2004,423
4/1/2004,425.3
4/2/2004,426.1
4/5/2004,420.55
4/6/2004,416.95
4/7/2004,419.25
4/8/2004,422
4/13/2004,417.45
4/14/2004,405.75
4/15/2004,398
4/16/2004,399.75
4/19/2004,405.3
4/20/2004,398.8
4/21/2004,393.75
4/22/2004,391.35
4/23/2004,396.25
4/26/2004,396.5
4/27/2004,397.15
4/28/2004,396.75
4/29/2004,382.75
4/30/2004,387.3
5/4/2004,389.75
5/5/2004,394.3
5/6/2004,392
5/7/2004,386.85
5/10/2004,374.1
5/11/2004,378
5/12/2004,381.15
5/13/2004,375.5
5/14/2004,373.5
5/17/2004,380.8
5/18/2004,379
5/19/2004,380.2
5/20/2004,380.45
5/21/2004,382.25
5/24/2004,383.85
5/25/2004,387.6
5/26/2004,390.5
5/27/2004,391.45
5/28/2004,393.85
6/1/2004,395.85
6/2/2004,395.85
6/3/2004,391.4
6/4/2004,388.1
6/7/2004,393.45
6/8/2004,394.95
6/9/2004,389.3
6/10/2004,384.25
6/11/2004,384.55
6/14/2004,382.9
6/15/2004,382.3
6/16/2004,387.75
6/17/2004,386
6/18/2004,388.7
6/21/2004,393.85
6/22/2004,394.6
6/23/2004,395.25
6/24/2004,396.75
6/25/2004,401.15
6/28/2004,401.7
6/29/2004,396.75
6/30/2004,393.75
7/1/2004,394.5
7/2/2004,394.7
7/5/2004,398.4
7/6/2004,398.4
7/7/2004,397.35
7/8/2004,402.2
7/9/2004,406.6
7/12/2004,408.55
7/13/2004,404.25
7/14/2004,403.3
7/15/2004,403.9
7/16/2004,403.7
7/19/2004,406.95
7/20/2004,405.5
7/21/2004,401.1
7/22/2004,395
7/23/2004,392.85
7/26/2004,391.65
7/27/2004,392.25
7/28/2004,386.2
7/29/2004,388.75
7/30/2004,389.6
8/2/2004,393.25
8/3/2004,390.6
8/4/2004,392.7
8/5/2004,391.8
8/6/2004,392.25
8/9/2004,398.6
8/10/2004,399.05
8/11/2004,396.25
8/12/2004,396.25
8/13/2004,392.75
8/16/2004,399.3
8/17/2004,401.45
8/18/2004,403.2
8/19/2004,406.3
8/20/2004,405.8
8/23/2004,409.95
8/24/2004,406.9
8/25/2004,405.5
8/26/2004,405.95
8/27/2004,406.85
8/31/2004,408.1
9/1/2004,408
9/2/2004,407.8
9/3/2004,405.8
9/6/2004,401.6
9/7/2004,401.8
9/8/2004,398.1
9/9/2004,399.25
9/10/2004,400.65
9/13/2004,400.75
9/14/2004,403.5
9/15/2004,404.8
9/16/2004,404.4
9/17/2004,404.6
9/20/2004,404.15
9/21/2004,405.45
9/22/2004,407.5
9/23/2004,408.05
9/24/2004,409.45
9/27/2004,409
9/28/2004,410.3
9/29/2004,411.55
9/30/2004,412.35
10/1/2004,418.15
10/4/2004,416.85
10/5/2004,414.25
10/6/2004,417.95
10/7/2004,417.9
10/8/2004,418.05
10/11/2004,421.75
10/12/2004,418.2
10/13/2004,412.45
10/14/2004,414.65
10/15/2004,417.8
10/18/2004,418.5
10/19/2004,416.25
10/20/2004,421.7
10/21/2004,425.5
10/22/2004,422.4
10/25/2004,429
10/26/2004,427.15
10/27/2004,425.85
10/28/2004,423.85
10/29/2004,426.2
11/1/2004,428.1
11/2/2004,425.1
11/3/2004,422.2
11/4/2004,426.3
11/5/2004,428.75
11/8/2004,432.95
11/9/2004,432.3
11/10/2004,435.1
11/11/2004,433.35
11/12/2004,436.9
11/15/2004,439.5
11/16/2004,437.95
11/17/2004,444.5
11/18/2004,444.3
11/19/2004,443.7
11/22/2004,447
11/23/2004,447
11/24/2004,448.65
11/25/2004,451.7
11/26/2004,451.55
11/29/2004,450.4
11/30/2004,452
12/1/2004,451.1
12/2/2004,454.35
12/3/2004,449.15
12/6/2004,455.75
12/7/2004,453.75
12/8/2004,445.75
12/9/2004,437.35
12/10/2004,433.9
12/13/2004,436.95
12/14/2004,438.6
12/15/2004,437.8
12/16/2004,441.25
12/17/2004,439.2
12/20/2004,441.75
12/21/2004,441.85
12/22/2004,442.7
12/23/2004,442.4
12/24/2004,442.2
12/29/2004,443.5
12/30/2004,435.15
12/31/2004,438
1/4/2005,426.8
1/5/2005,425.5
1/6/2005,425.8
1/7/2005,423.15
1/10/2005,421.25
1/11/2005,422.55
1/12/2005,421.7
1/13/2005,424.65
1/14/2005,421.7
1/17/2005,422.85
1/18/2005,422.55
1/19/2005,424.1
1/20/2005,421.7
1/21/2005,423.3
1/24/2005,427.6
1/25/2005,426.2
1/26/2005,423.7
1/27/2005,426.3
1/28/2005,426.4
1/31/2005,423.8
2/1/2005,421.15
2/2/2005,421.9
2/3/2005,419.8
2/4/2005,416.5
2/7/2005,414.5
2/8/2005,411.5
2/9/2005,413.2
2/10/2005,413.5
2/11/2005,417.05
2/14/2005,422.8
2/15/2005,424.6
2/16/2005,424.15
2/17/2005,426.6
2/18/2005,426.55
2/21/2005,427.1
2/22/2005,430.75
2/23/2005,433.25
2/24/2005,434.75
2/25/2005,432.4
2/28/2005,436.55
3/1/2005,434.65
3/2/2005,429.15
3/3/2005,433.25
3/4/2005,429.65
3/7/2005,433.6
3/8/2005,434.85
3/9/2005,439.9
3/10/2005,440.2
3/11/2005,440.95
3/14/2005,442.75
3/15/2005,442
3/16/2005,441.2
3/17/2005,442.65
3/18/2005,436.65
3/21/2005,436.25
3/22/2005,430.65
3/23/2005,427.25
3/24/2005,424.9
3/29/2005,426.95
3/30/2005,426.5
3/31/2005,427.5
4/1/2005,427.45
4/4/2005,425.95
4/5/2005,423.7
4/6/2005,426.6
4/7/2005,426.4
4/8/2005,425.4
4/11/2005,428.1
4/12/2005,429.15
4/13/2005,428.85
4/14/2005,427.2
4/15/2005,423.65
4/18/2005,425.65
4/19/2005,426.9
4/20/2005,432.4
4/21/2005,433.4
4/22/2005,433.4
4/25/2005,433
4/26/2005,434.7
4/27/2005,434.1
4/28/2005,432.75
4/29/2005,433.2
5/3/2005,429.2
5/4/2005,429.2
5/5/2005,430.5
5/6/2005,429.7
5/9/2005,425.8
5/10/2005,426.9
5/11/2005,428.35
5/12/2005,426.25
5/13/2005,421.45
5/16/2005,419.9
5/17/2005,420.35
5/18/2005,419.4
5/19/2005,421.75
5/20/2005,420.7
5/23/2005,417.6
5/24/2005,418.25
5/25/2005,418.5
5/26/2005,418.75
5/27/2005,418.6
5/31/2005,416.9
6/1/2005,416.1
6/2/2005,417.2
6/3/2005,423.2
6/6/2005,424.8
6/7/2005,426.6
6/8/2005,424.9
6/9/2005,423.55
6/10/2005,422.75
6/13/2005,425.6
6/14/2005,426.95
6/15/2005,426.65
6/16/2005,431.3
6/17/2005,436.05
6/20/2005,440.5
6/21/2005,434.35
6/22/2005,437.5
6/23/2005,437.15
6/24/2005,442.95
6/27/2005,439.35
6/28/2005,437.5
6/29/2005,434.9
6/30/2005,436.8
7/1/2005,434.2
7/4/2005,427.6
7/5/2005,426
7/6/2005,423.85
7/7/2005,427.85
7/8/2005,423.75
7/11/2005,425
7/12/2005,426.95
7/13/2005,425.55
7/14/2005,422.5
7/15/2005,419.6
7/18/2005,421.6
7/19/2005,420
7/20/2005,420.65
7/21/2005,423.65
7/22/2005,426.35
7/25/2005,424.85
7/26/2005,424.5
7/27/2005,422.75
7/28/2005,425.3
7/29/2005,427.15
8/1/2005,431.35
8/2/2005,431.85
8/3/2005,433.6
8/4/2005,435.6
8/5/2005,437.5
8/8/2005,436.85
8/9/2005,434.7
8/10/2005,436.3
8/11/2005,437.8
8/12/2005,447.25
8/15/2005,442.6
8/16/2005,440.85
8/17/2005,444.25
8/18/2005,439
8/19/2005,439.25
8/22/2005,437.5
8/23/2005,439.85
8/24/2005,438.25
8/25/2005,439
8/26/2005,438.5
8/30/2005,436.15
8/31/2005,433
9/1/2005,435.5
9/2/2005,446.3
9/5/2005,445.6
9/6/2005,443.5
9/7/2005,444.5
9/8/2005,444.8
9/9/2005,446.7
9/12/2005,449.15
9/13/2005,448.7
9/14/2005,447.85
9/15/2005,449.1
9/16/2005,458.1
9/19/2005,461.95
9/20/2005,470
9/21/2005,467
9/22/2005,472.75
9/23/2005,464.5
9/26/2005,461.05
9/27/2005,465.65
9/28/2005,462
9/29/2005,472.5
9/30/2005,473.4
10/3/2005,465
10/4/2005,467.5
10/5/2005,465.25
10/6/2005,466.3
10/7/2005,472
10/10/2005,477.5
10/11/2005,475.5
10/12/2005,478.5
10/13/2005,471.25
10/14/2005,470.7
10/17/2005,472.35
10/18/2005,473
10/19/2005,468.4
10/20/2005,464
10/21/2005,463.15
10/24/2005,463.75
10/25/2005,467
10/26/2005,471.55
10/27/2005,473.25
10/28/2005,473.65
10/31/2005,472.65
11/1/2005,465.55
11/2/2005,461.65
11/3/2005,464.8
11/4/2005,461.35
11/7/2005,457.6
11/8/2005,457.15
11/9/2005,462.6
11/10/2005,467
11/11/2005,465.9
11/14/2005,469.75
11/15/2005,467.55
11/16/2005,470.65
11/17/2005,480.75
11/18/2005,487.9
11/21/2005,488
11/22/2005,493
11/23/2005,488.85
11/24/2005,492.75
11/25/2005,495.7
11/28/2005,497.3
11/29/2005,497.1
11/30/2005,493.8
12/1/2005,494.4
12/2/2005,504.75
12/5/2005,505
12/6/2005,508.25
12/7/2005,512.3
12/8/2005,514.85
12/9/2005,524.75
12/12/2005,537.5
12/13/2005,522.8
12/14/2005,513.75
12/15/2005,502.4
12/16/2005,502.5
12/19/2005,507.45
12/20/2005,505.75
12/21/2005,494.5
12/22/2005,494.75
12/23/2005,503.6
12/28/2005,509.15
12/29/2005,517
12/30/2005,513
1/3/2006,520.75
1/4/2006,534.35
1/5/2006,531.6
1/6/2006,529.5
1/9/2006,541
1/10/2006,545.25
1/11/2006,542.25
1/12/2006,547.5
1/13/2006,547.25
1/16/2006,559.4
1/17/2006,558.05
1/18/2006,544.75
1/19/2006,547.7
1/20/2006,559.25
1/23/2006,558.5
1/24/2006,556.65
1/25/2006,562.25
1/26/2006,562.25
1/27/2006,559.75
1/30/2006,560.3
1/31/2006,569.8
2/1/2006,567.2
2/2/2006,571.85
2/3/2006,571.85
2/6/2006,570
2/7/2006,568.25
2/8/2006,548.65
2/9/2006,559
2/10/2006,558.75
2/13/2006,546.6
2/14/2006,540.5
2/15/2006,544.3
2/16/2006,540.65
2/17/2006,545.75
2/20/2006,556
2/21/2006,553.4
2/22/2006,551.75
2/23/2006,552.5
2/24/2006,550.75
2/27/2006,556.1
2/28/2006,556.5
3/1/2006,562.6
3/2/2006,563.75
3/3/2006,568.6
3/6/2006,568
3/7/2006,555.25
3/8/2006,548.6
3/9/2006,547.25
3/10/2006,545.4
3/13/2006,545.25
3/14/2006,545.25
3/15/2006,551.25
3/16/2006,553.25
3/17/2006,555.5
3/20/2006,554.25
3/21/2006,553
3/22/2006,548.5
3/23/2006,548
3/24/2006,549.75
3/27/2006,564
3/28/2006,563.75
3/29/2006,562.25
3/30/2006,578.5
3/31/2006,584
4/3/2006,585.5
4/4/2006,585
4/5/2006,583.85
4/6/2006,595.5
4/7/2006,597
4/10/2006,597.5
4/11/2006,599.5
4/12/2006,596.75
4/13/2006,597
4/18/2006,616.75
4/19/2006,623.75
4/20/2006,644.5
4/21/2006,623.5
4/24/2006,634
4/25/2006,627.75
4/26/2006,630.75
4/27/2006,636.5
4/28/2006,638.25
5/2/2006,657.75
5/3/2006,675.25
5/4/2006,664.65
5/5/2006,682
5/8/2006,682
5/9/2006,679.75
5/10/2006,704.3
5/11/2006,707
5/12/2006,725.75
5/15/2006,693
5/16/2006,681
5/17/2006,713
5/18/2006,688
5/19/2006,682
5/22/2006,645.5
5/23/2006,661.7
5/24/2006,667.5
5/25/2006,643.75
5/26/2006,652
5/30/2006,652.25
5/31/2006,654
6/1/2006,633.25
6/2/2006,630.8
6/5/2006,644.5
6/6/2006,634.6
6/7/2006,623.5
6/8/2006,619
6/9/2006,612.25
6/12/2006,607.75
6/13/2006,590.75
6/14/2006,567.25
6/15/2006,574.25
6/16/2006,581.5
6/19/2006,569.75
6/20/2006,571
6/21/2006,576.5
6/22/2006,594.4
6/23/2006,582.6
6/26/2006,586.25
6/27/2006,587.7
6/28/2006,584
6/29/2006,581.75
6/30/2006,600.4
7/3/2006,619.5
7/4/2006,620.9
7/5/2006,625.75
7/6/2006,623.75
7/7/2006,631
7/10/2006,624.5
7/11/2006,628.35
7/12/2006,642
7/13/2006,648.8
7/14/2006,660.4
7/17/2006,671.5
7/18/2006,647.5
7/19/2006,626
7/20/2006,642.9
7/21/2006,626.75
7/24/2006,616.4
7/25/2006,618.75
7/26/2006,617.75
7/27/2006,634.2
7/28/2006,631.25
7/31/2006,637
8/1/2006,635.5
8/2/2006,648.25
8/3/2006,646.25
8/4/2006,644.5
8/7/2006,647.25
8/8/2006,645.4
8/9/2006,640.5
8/10/2006,650.5
8/11/2006,641.55
8/14/2006,628
8/15/2006,624.75
8/16/2006,626
8/17/2006,630.75
8/18/2006,614.75
8/21/2006,621.5
8/22/2006,626.5
8/23/2006,623.5
8/24/2006,623.5
8/25/2006,622
8/29/2006,616.85
8/30/2006,614.7
8/31/2006,621.75
9/1/2006,624
9/4/2006,626.75
9/5/2006,629.75
9/6/2006,636.7
9/7/2006,634
9/8/2006,611.5
9/11/2006,597.1
9/12/2006,596
9/13/2006,581.5
9/14/2006,593.4
9/15/2006,578.6
9/18/2006,581.5
9/19/2006,582.5
9/20/2006,576.25
9/21/2006,580.5
9/22/2006,592
9/25/2006,589.5
9/26/2006,591.25
9/27/2006,595.1
9/28/2006,603.5
9/29/2006,601.75
10/2/2006,602
10/3/2006,593
10/4/2006,578.5
10/5/2006,568.25
10/6/2006,570.6
10/9/2006,578.25
10/10/2006,577.25
10/11/2006,574
10/12/2006,575.9
10/13/2006,577.9
10/16/2006,593
10/17/2006,594.9
10/18/2006,595.25
10/19/2006,589.75
10/20/2006,598
10/23/2006,588.5
10/24/2006,578.4
10/25/2006,581.6
10/26/2006,591.8
10/27/2006,593.75
10/30/2006,604.75
10/31/2006,600.9
11/1/2006,611.25
11/2/2006,615.75
11/3/2006,625.65
11/6/2006,625.75
11/7/2006,625.75
11/8/2006,625.5
11/9/2006,618
11/10/2006,632.25
11/13/2006,628.5
11/14/2006,623.4
11/15/2006,620.25
11/16/2006,624.5
11/17/2006,618.25
11/20/2006,624
11/21/2006,625
11/22/2006,627.75
11/23/2006,630.7
11/24/2006,636
11/27/2006,637.5
11/28/2006,637.75
11/29/2006,638.25
11/30/2006,638.4
12/1/2006,644.4
12/4/2006,644.8
12/5/2006,643
12/6/2006,636.75
12/7/2006,630.5
12/8/2006,630.9
12/11/2006,625.5
12/12/2006,629.5
12/13/2006,629
12/14/2006,628.75
12/15/2006,626
12/18/2006,617.5
12/19/2006,616
12/20/2006,623.4
12/21/2006,622
12/22/2006,619.75
12/27/2006,628.3
12/28/2006,629
12/29/2006,635.7
1/2/2007,640.75
1/3/2007,636.75
1/4/2007,625.25
1/5/2007,626
1/8/2007,608.3
1/9/2007,612
1/10/2007,610.75
1/11/2007,613.5
1/12/2007,614.1
1/15/2007,628.25
1/16/2007,625.6
1/17/2007,623.25
1/18/2007,632.8
1/19/2007,629
1/22/2007,635.1
1/23/2007,637.5
1/24/2007,643
1/25/2007,648.75
1/26/2007,645.7
1/29/2007,643.4
1/30/2007,642.25
1/31/2007,645.75
2/1/2007,652.55
2/2/2007,654.75
2/5/2007,648
2/6/2007,653.9
2/7/2007,655.25
2/8/2007,650.55
2/9/2007,657.85
2/12/2007,663.35
2/13/2007,664.75
2/14/2007,668.25
2/15/2007,670
2/16/2007,665.25
2/19/2007,670.5
2/20/2007,668.6
2/21/2007,658.6
2/22/2007,676.4
2/23/2007,677.5
2/26/2007,684.5
2/27/2007,684.5
2/28/2007,677
3/1/2007,673.6
3/2/2007,664
3/5/2007,638.6
3/6/2007,644.6
3/7/2007,646.35
3/8/2007,653.75
3/9/2007,653.85
3/12/2007,652.5
3/13/2007,650.5
3/14/2007,640.75
3/15/2007,646.1
3/16/2007,650.65
3/19/2007,654.5
3/20/2007,654.4
3/21/2007,660.5
3/22/2007,664
3/23/2007,662.15
3/26/2007,659.65
3/27/2007,665.15
3/28/2007,665.6
3/29/2007,664.9
3/30/2007,663.5
4/2/2007,663.3
4/3/2007,663.5
4/4/2007,665.9
4/5/2007,672.6
4/10/2007,676.85
4/11/2007,679.1
4/12/2007,678.5
4/13/2007,677
4/16/2007,687.25
4/17/2007,688
4/18/2007,690.4
4/19/2007,687.25
4/20/2007,687.6
4/23/2007,691
4/24/2007,689.7
4/25/2007,686.2
4/26/2007,685.5
4/27/2007,672.5
4/30/2007,678
5/1/2007,677.5
5/2/2007,673.25
5/3/2007,675.9
5/4/2007,680.8
5/8/2007,685.9
5/9/2007,686.5
5/10/2007,677.85
5/11/2007,667.85
5/14/2007,674.2
5/15/2007,667
5/16/2007,670.9
5/17/2007,663.2
5/18/2007,660.75
5/21/2007,662.4
5/22/2007,663.5
5/23/2007,659.2
5/24/2007,661.5
5/25/2007,655
5/29/2007,657.6
5/30/2007,657.1
5/31/2007,656.6
6/1/2007,662.5
6/4/2007,670.75
6/5/2007,671.3
6/6/2007,669.8
6/7/2007,670.85
6/8/2007,656.75
6/11/2007,652.75
6/12/2007,652.8
6/13/2007,644.1
6/14/2007,650.75
6/15/2007,650.6
6/18/2007,658
6/19/2007,655.1
6/20/2007,659.6
6/21/2007,654.5
6/22/2007,652
6/25/2007,651.25
6/26/2007,649.55
6/27/2007,642.85
6/28/2007,645.7
6/29/2007,648.5
7/2/2007,650.5
7/3/2007,657.25
7/4/2007,654
7/5/2007,655.9
7/6/2007,647.75
7/9/2007,657
7/10/2007,661.15
7/11/2007,664
7/12/2007,663
7/13/2007,667.5
7/16/2007,667.25
7/17/2007,663.15
7/18/2007,667.75
7/19/2007,673
7/20/2007,676
7/23/2007,683.5
7/24/2007,682.75
7/25/2007,677.25
7/26/2007,675.4
7/27/2007,663.5
7/30/2007,661.5
7/31/2007,666.75
8/1/2007,660.25
8/2/2007,665.35
8/3/2007,666.35
8/6/2007,674.15
8/7/2007,669.25
8/8/2007,670.4
8/9/2007,670.85
8/10/2007,664.5
8/13/2007,669.85
8/14/2007,667.35
8/15/2007,665
8/16/2007,664.15
8/17/2007,653
8/20/2007,658.5
8/21/2007,655.5
8/22/2007,657.15
8/23/2007,662.25
8/24/2007,659.75
8/28/2007,667
8/29/2007,664.75
8/30/2007,666.3
8/31/2007,668
9/3/2007,672.75
9/4/2007,673.5
9/5/2007,679.5
9/6/2007,683.5
9/7/2007,695
9/10/2007,704
9/11/2007,704.25
9/12/2007,711.75
9/13/2007,708.1
9/14/2007,706.75
9/17/2007,710.25
9/18/2007,717.7
9/19/2007,723.75
9/20/2007,727.75
9/21/2007,735.35
9/24/2007,733.25
9/25/2007,727.7
9/26/2007,730.55
9/27/2007,729.75
9/28/2007,737.75
10/1/2007,745.25
10/2/2007,735.75
10/3/2007,733.15
10/4/2007,726.75
10/5/2007,735.85
10/8/2007,736.5
10/9/2007,728.8
10/10/2007,740.5
10/11/2007,747.5
10/12/2007,748.5
10/15/2007,755.85
10/16/2007,761.75
10/17/2007,759.75
10/18/2007,758.35
10/19/2007,768.25
10/22/2007,755.6
10/23/2007,757.5
10/24/2007,757.35
10/25/2007,765
10/26/2007,775.6
10/29/2007,792.5
10/30/2007,784
10/31/2007,783
11/1/2007,792
11/2/2007,790.75
11/5/2007,802.5
11/6/2007,817.55
11/7/2007,841.75
11/8/2007,832.25
11/9/2007,836
11/12/2007,817
11/13/2007,803.4
11/14/2007,808.25
11/15/2007,806
11/16/2007,790.25
11/19/2007,788.5
11/20/2007,789.65
11/21/2007,796.25
11/22/2007,802.25
11/23/2007,810.5
11/26/2007,836.25
11/27/2007,823.25
11/28/2007,796.5
11/29/2007,807.25
11/30/2007,794.75
12/3/2007,783.75
12/4/2007,790.25
12/5/2007,801.75
12/6/2007,788.75
12/7/2007,799.75
12/10/2007,800
12/11/2007,806.75
12/12/2007,807.5
12/13/2007,809
12/14/2007,796.25
12/17/2007,787
12/18/2007,796.25
12/19/2007,801.5
12/20/2007,799.5
12/21/2007,803
12/24/2007,810.25
12/27/2007,822.5
12/28/2007,828.5
12/31/2007,836.5
1/2/2008,840.75
1/3/2008,865.35
1/4/2008,858.75
1/7/2008,857.5
1/8/2008,873.25
1/9/2008,887.85
1/10/2008,874.25
1/11/2008,893.75
1/14/2008,911.5
1/15/2008,904.75
1/16/2008,881
1/17/2008,881.5
1/18/2008,872.75
1/21/2008,874.25
1/22/2008,862
1/23/2008,887.8
1/24/2008,891.5
1/25/2008,921.25
1/28/2008,916.5
1/29/2008,927.5
1/30/2008,923.75
1/31/2008,923.75
2/1/2008,933
2/4/2008,899.5
2/5/2008,889.75
2/6/2008,892
2/7/2008,908.25
2/8/2008,914
2/11/2008,925.5
2/12/2008,920.25
2/13/2008,905.75
2/14/2008,910.85
2/15/2008,909.75
2/18/2008,905
2/19/2008,916.5
2/20/2008,924.85
2/21/2008,943
2/22/2008,945.75
2/25/2008,947.5
2/26/2008,934
2/27/2008,958.75
2/28/2008,957
2/29/2008,969
3/3/2008,978.25
3/4/2008,981.75
3/5/2008,966.25
3/6/2008,986.25
3/7/2008,978.5
3/10/2008,973.15
3/11/2008,980.5
3/12/2008,975.75
3/13/2008,988.25
3/14/2008,997
3/17/2008,1023.5
3/18/2008,1005.75
3/19/2008,995.25
3/20/2008,913.5
3/25/2008,930.65
3/26/2008,945.75
3/27/2008,948.25
3/28/2008,944.5
3/31/2008,937.25
4/1/2008,897
4/2/2008,893.5
4/3/2008,898.25
4/4/2008,905.25
4/7/2008,914.7
4/8/2008,921
4/9/2008,906.75
4/10/2008,934.25
4/11/2008,925.5
4/14/2008,917.75
4/15/2008,931.75
4/16/2008,932.75
4/17/2008,951.5
4/18/2008,942.25
4/21/2008,915.75
4/22/2008,920.75
4/23/2008,916.25
4/24/2008,900.75
4/25/2008,883.5
4/28/2008,892.25
4/29/2008,886
4/30/2008,867.75
5/1/2008,863.5
5/2/2008,854.25
5/6/2008,878
5/7/2008,874
5/8/2008,872.25
5/9/2008,887.25
5/12/2008,882.5
5/13/2008,877
5/14/2008,863
5/15/2008,866.25
5/16/2008,885
5/19/2008,908.75
5/20/2008,907
5/21/2008,925
5/22/2008,928.25
5/23/2008,922.25
5/27/2008,923.75
5/28/2008,892
5/29/2008,893
5/30/2008,879.5
6/2/2008,891.25
6/3/2008,895.5
6/4/2008,877.25
6/5/2008,873
6/6/2008,883.5
6/9/2008,904.25
6/10/2008,884.5
6/11/2008,874.25
6/12/2008,871.25
6/13/2008,864
6/16/2008,872
6/17/2008,883
6/18/2008,884
6/19/2008,893.25
6/20/2008,900
6/23/2008,905.25
6/24/2008,888.5
6/25/2008,887.25
6/26/2008,892.5
6/27/2008,923
6/30/2008,932.75
7/1/2008,929.5
7/2/2008,936
7/3/2008,939.75
7/4/2008,930.75
7/7/2008,921
7/8/2008,929.25
7/9/2008,923.25
7/10/2008,930.75
7/11/2008,949
7/14/2008,957.75
7/15/2008,981.75
7/16/2008,974
7/17/2008,964.5
7/18/2008,961.5
7/21/2008,966.25
7/22/2008,973
7/23/2008,934.75
7/24/2008,927.75
7/25/2008,932.25
7/28/2008,929.25
7/29/2008,928.75
7/30/2008,914.1
7/31/2008,912
8/1/2008,909.5
8/4/2008,910
8/5/2008,884
8/6/2008,884.75
8/7/2008,882.5
8/8/2008,864.5
8/11/2008,863.75
8/12/2008,808.75
8/13/2008,824
8/14/2008,833.25
8/15/2008,784.75
8/18/2008,797.5
8/19/2008,791
8/20/2008,806.75
8/21/2008,821
8/22/2008,830
8/26/2008,809.75
8/27/2008,833.5
8/28/2008,832
8/29/2008,836.5
9/1/2008,832
9/2/2008,802.5
9/3/2008,794.5
9/4/2008,810.5
9/5/2008,796.25
9/8/2008,806.5
9/9/2008,799.75
9/10/2008,774.25
9/11/2008,742.75
9/12/2008,757.5
9/15/2008,779.25
9/16/2008,779.75
9/17/2008,785.5
9/18/2008,864.25
9/19/2008,837.5
9/22/2008,873
9/23/2008,892.5
9/24/2008,888.5
9/25/2008,889
9/26/2008,869
9/29/2008,876.5
9/30/2008,897
10/1/2008,876
10/2/2008,866.25
10/3/2008,842.5
10/6/2008,836.5
10/7/2008,881.75
10/8/2008,913
10/9/2008,886.75
10/10/2008,918
10/13/2008,865
10/14/2008,849.5
10/15/2008,848.5
10/16/2008,834.5
10/17/2008,801
10/20/2008,803
10/21/2008,781
10/22/2008,757.5
10/23/2008,726
10/24/2008,692.5
10/27/2008,720.5
10/28/2008,745
10/29/2008,749.25
10/30/2008,772.25
10/31/2008,728.5
11/3/2008,734
11/4/2008,734
11/5/2008,753.25
11/6/2008,739
11/7/2008,742
11/10/2008,751.75
11/11/2008,741.75
11/12/2008,731.5
11/13/2008,714
11/14/2008,729.5
11/17/2008,745
11/18/2008,736.5
11/19/2008,737.75
11/20/2008,745.25
11/21/2008,758.5
11/24/2008,816.75
11/25/2008,802.5
11/26/2008,817
11/27/2008,813.5
11/28/2008,813.5
12/1/2008,795.5
12/2/2008,772.5
12/3/2008,773.5
12/4/2008,772.75
12/5/2008,771.75
12/8/2008,772.25
12/9/2008,771
12/10/2008,785.75
12/11/2008,821
12/12/2008,813.75
12/15/2008,827.5
12/16/2008,833.5
12/17/2008,853.75
12/18/2008,872.5
12/19/2008,839
12/22/2008,846
12/23/2008,844
12/24/2008,836.75
12/29/2008,881
12/30/2008,870
12/31/2008,865
1/2/2009,869.75
1/5/2009,860
1/6/2009,844
1/7/2009,864
1/8/2009,842.5
1/9/2009,854
1/12/2009,848.5
1/13/2009,815.5
1/14/2009,827.25
1/15/2009,813
1/16/2009,824.25
1/19/2009,842.5
1/20/2009,835
1/21/2009,860.5
1/22/2009,847.75
1/23/2009,873
1/26/2009,906.5
1/27/2009,896
1/28/2009,891.25
1/29/2009,878.5
1/30/2009,918.5
2/2/2009,913.75
2/3/2009,902
2/4/2009,902.25
2/5/2009,914.75
2/6/2009,914
2/9/2009,901
2/10/2009,896
2/11/2009,922
2/12/2009,944
2/13/2009,939.25
2/16/2009,943
2/17/2009,962.25
2/18/2009,964.75
2/19/2009,973.5
2/20/2009,981
2/23/2009,987
2/24/2009,989.75
2/25/2009,956.25
2/26/2009,945
2/27/2009,943.75
3/2/2009,949.5
3/3/2009,924.75
3/4/2009,911
3/5/2009,913.25
3/6/2009,937.75
3/9/2009,934.75
3/10/2009,911.5
3/11/2009,900
3/12/2009,914.5
3/13/2009,920
3/16/2009,923
3/17/2009,920
3/18/2009,910.75
3/19/2009,937.25
3/20/2009,957
3/23/2009,952.75
3/24/2009,928.75
3/25/2009,921.25
3/26/2009,935.5
3/27/2009,927
3/30/2009,923
3/31/2009,918.5
4/1/2009,919.5
4/2/2009,914.75
4/3/2009,901.5
4/6/2009,879.5
4/7/2009,879.25
4/8/2009,887.25
4/9/2009,883.75
4/14/2009,895
4/15/2009,892.25
4/16/2009,889
4/17/2009,872
4/20/2009,870
4/21/2009,888.75
4/22/2009,885
4/23/2009,894.5
4/24/2009,909
4/27/2009,911.75
4/28/2009,897
4/29/2009,894.5
4/30/2009,889
5/1/2009,881.5
5/5/2009,903
5/6/2009,903.5
5/7/2009,912.75
5/8/2009,917.5
5/11/2009,912.5
5/12/2009,920
5/13/2009,925.75
5/14/2009,923.25
5/15/2009,925
5/18/2009,929.75
5/19/2009,921.5
5/20/2009,928.5
5/21/2009,940
5/22/2009,952.5
5/26/2009,942
5/27/2009,949.5
5/28/2009,949.75
5/29/2009,972
6/1/2009,987
6/2/2009,973.5
6/3/2009,979
6/4/2009,967.25
6/5/2009,977.75
6/8/2009,946.5
6/9/2009,952.5
6/10/2009,961.25
6/11/2009,953
6/12/2009,950
6/15/2009,932
6/16/2009,936.75
6/17/2009,933.75
6/18/2009,936.75
6/19/2009,933.75
6/22/2009,924
6/23/2009,920.25
6/24/2009,928.75
6/25/2009,934.25
6/26/2009,943
6/29/2009,939.75
6/30/2009,941
7/1/2009,931.5
7/2/2009,936
7/3/2009,932.5
7/6/2009,921.5
7/7/2009,925.75
7/8/2009,920.75
7/9/2009,914.75
7/10/2009,910
7/13/2009,908.5
7/14/2009,921.75
7/15/2009,930
7/16/2009,935.25
7/17/2009,934.5
7/20/2009,952.25
7/21/2009,947.75
7/22/2009,945.5
7/23/2009,955.25
7/24/2009,949.75
7/27/2009,956
7/28/2009,955
7/29/2009,935.5
7/30/2009,932
7/31/2009,936.5
8/3/2009,954.25
8/4/2009,953.5
8/5/2009,964.5
8/6/2009,960.75
8/7/2009,960.5
8/10/2009,953.5
8/11/2009,946
8/12/2009,943.5
8/13/2009,956
8/14/2009,957.5
8/17/2009,937.5
8/18/2009,938.25
8/19/2009,934.25
8/20/2009,943.5
8/21/2009,941.5
8/24/2009,953.75
8/25/2009,947.5
8/26/2009,949.5
8/27/2009,943.5
8/28/2009,950.75
9/1/2009,949.75
9/2/2009,955
9/3/2009,982.5
9/4/2009,987.25
9/7/2009,992.75
9/8/2009,1004.5
9/9/2009,995.75
9/10/2009,988.5
9/11/2009,998.25
9/14/2009,994.25
9/15/2009,997.5
9/16/2009,1017
9/17/2009,1020.5
9/18/2009,1014
9/21/2009,999.25
9/22/2009,1015.75
9/23/2009,1014.75
9/24/2009,1014
9/25/2009,997
9/28/2009,990.5
9/29/2009,991.75
9/30/2009,1001.25
10/1/2009,1005.75
10/2/2009,998
10/5/2009,1004.25
10/6/2009,1020.25
10/7/2009,1047
10/8/2009,1054.75
10/9/2009,1046.75
10/12/2009,1052
10/13/2009,1064.5
10/14/2009,1066
10/15/2009,1052.5
10/16/2009,1047.75
10/19/2009,1054.5
10/20/2009,1064
10/21/2009,1053.5
10/22/2009,1054.75
10/23/2009,1061.25
10/26/2009,1055
10/27/2009,1040.75
10/28/2009,1035.5
10/29/2009,1034
10/30/2009,1044.5
11/2/2009,1052
11/3/2009,1058
11/4/2009,1091.75
11/5/2009,1088
11/6/2009,1095
11/9/2009,1108.5
11/10/2009,1099.75
11/11/2009,1114.75
11/12/2009,1116
11/13/2009,1107.5
11/16/2009,1128.75
11/17/2009,1131.75
11/18/2009,1146
11/19/2009,1136
11/20/2009,1142.5
11/23/2009,1166
11/24/2009,1170.25
11/25/2009,1176.5
11/26/2009,1183
11/27/2009,1164.5
11/30/2009,1172
12/1/2009,1193.5
12/2/2009,1211.5
12/3/2009,1218.25
12/4/2009,1203.25
12/7/2009,1147.5
12/8/2009,1164.25
12/9/2009,1142.25
12/10/2009,1125.75
12/11/2009,1140
12/14/2009,1120
12/15/2009,1115
12/16/2009,1134
12/17/2009,1121.5
12/18/2009,1106.5
12/21/2009,1113.25
12/22/2009,1094.25
12/23/2009,1080.5
12/24/2009,1104.5
12/29/2009,1103
12/30/2009,1092.5
12/31/2009,1104
1/4/2010,1113
1/5/2010,1125.25
1/6/2010,1125
1/7/2010,1130.75
1/8/2010,1121.75
1/11/2010,1158
1/12/2010,1152.75
1/13/2010,1132.75
1/14/2010,1137.5
1/15/2010,1132
1/18/2010,1135.75
1/19/2010,1134
1/20/2010,1129
1/21/2010,1104
1/22/2010,1096.5
1/25/2010,1103.5
1/26/2010,1090.75
1/27/2010,1094.75
1/28/2010,1091.75
1/29/2010,1082.75
2/1/2010,1082
2/2/2010,1114
2/3/2010,1118.5
2/4/2010,1102.5
2/5/2010,1052.25
2/8/2010,1070
2/9/2010,1068
2/10/2010,1075.5
2/11/2010,1079.5
2/12/2010,1078.25
2/15/2010,1099.5
2/16/2010,1115.25
2/17/2010,1118.25
2/18/2010,1105.5
2/19/2010,1107
2/22/2010,1119.75
2/23/2010,1112
2/24/2010,1093
2/25/2010,1092.75
2/26/2010,1112.5
3/1/2010,1117.25
3/2/2010,1116
3/3/2010,1136.25
3/4/2010,1136.25
3/5/2010,1135
3/8/2010,1134
3/9/2010,1120
3/10/2010,1124.5
3/11/2010,1106
3/12/2010,1118.75
3/15/2010,1104
3/16/2010,1113.25
3/17/2010,1131.25
3/18/2010,1122.75
3/19/2010,1121.5
3/22/2010,1104.25
3/23/2010,1100.75
3/24/2010,1094
3/25/2010,1093.5
3/26/2010,1098
3/29/2010,1111.25
3/30/2010,1109.75
3/31/2010,1109.5
4/1/2010,1116
4/6/2010,1124
4/7/2010,1133.25
4/8/2010,1146.5
4/9/2010,1156
4/12/2010,1163.5
4/13/2010,1149.25
4/14/2010,1159
4/15/2010,1151.25
4/16/2010,1157
4/19/2010,1127.5
4/20/2010,1142.5
4/21/2010,1143.75
4/22/2010,1144.25
4/23/2010,1140
4/26/2010,1154
4/27/2010,1152.25
4/28/2010,1164.25
4/29/2010,1170
4/30/2010,1175.25
5/4/2010,1184.25
5/5/2010,1172
5/6/2010,1178
5/7/2010,1199.6
5/10/2010,1188.25
5/11/2010,1209
5/12/2010,1241.25
5/13/2010,1235
5/14/2010,1238.75
5/17/2010,1230.25
5/18/2010,1215
5/19/2010,1209.5
5/20/2010,1187.25
5/21/2010,1183.5
5/24/2010,1183.75
5/25/2010,1189.5
5/26/2010,1212.5
5/27/2010,1210.75
5/28/2010,1214
6/1/2010,1219.75
6/2/2010,1221
6/3/2010,1219.75
6/4/2010,1203.5
6/7/2010,1212.4
6/8/2010,1248
6/9/2010,1235
6/10/2010,1220
6/11/2010,1220.5
6/14/2010,1229.5
6/15/2010,1223
6/16/2010,1235.5
6/17/2010,1234.5
6/18/2010,1244
6/21/2010,1259.5
6/22/2010,1235.25
6/23/2010,1243
6/24/2010,1233.25
6/25/2010,1242.5
6/28/2010,1256
6/29/2010,1236
6/30/2010,1240.5
7/1/2010,1240
7/2/2010,1210.5
7/5/2010,1208.5
7/6/2010,1210.75
7/7/2010,1186
7/8/2010,1201.25
7/9/2010,1196.25
7/12/2010,1203.75
7/13/2010,1206.5
7/14/2010,1212.25
7/15/2010,1211.75
7/16/2010,1204.75
7/19/2010,1190.25
7/20/2010,1181.5
7/21/2010,1191.25
7/22/2010,1187
7/23/2010,1198.75
7/26/2010,1189
7/27/2010,1184
7/28/2010,1164
7/29/2010,1166
7/30/2010,1168
8/2/2010,1178
8/3/2010,1184
8/4/2010,1194.5
8/5/2010,1195.5
8/6/2010,1194.5
8/9/2010,1206
8/10/2010,1196.75
8/11/2010,1198
8/12/2010,1200
8/13/2010,1215
8/16/2010,1222
8/17/2010,1226.25
8/18/2010,1223
8/19/2010,1228
8/20/2010,1230.5
8/23/2010,1227
8/24/2010,1218
8/25/2010,1237.5
8/26/2010,1240.25
8/27/2010,1234.5
8/31/2010,1233.5
9/1/2010,1250
9/2/2010,1247.75
9/3/2010,1252
9/6/2010,1249.5
9/7/2010,1247.25
9/8/2010,1258
9/9/2010,1253.5
9/10/2010,1248.75
9/13/2010,1243
9/14/2010,1253.25
9/15/2010,1270.4
9/16/2010,1271.25
9/17/2010,1281.5
9/20/2010,1280.25
9/21/2010,1278.75
9/22/2010,1291.75
9/23/2010,1291.5
9/24/2010,1298
9/27/2010,1298.25
9/28/2010,1289
9/29/2010,1307.5
9/30/2010,1311
10/1/2010,1313
10/4/2010,1316
10/5/2010,1325.75
10/6/2010,1347
10/7/2010,1359.5
10/8/2010,1330.5
10/11/2010,1348.5
10/12/2010,1343.5
10/13/2010,1358.5
10/14/2010,1380.75
10/15/2010,1377.25
10/18/2010,1359.75
10/19/2010,1367.75
10/20/2010,1340.5
10/21/2010,1345.25
10/22/2010,1319
10/25/2010,1345
10/26/2010,1334
10/27/2010,1332.25
10/28/2010,1326.5
10/29/2010,1336.75
11/1/2010,1361.5
11/2/2010,1358
11/3/2010,1358.5
11/4/2010,1361
11/5/2010,1384.25
11/8/2010,1390
11/9/2010,1416.25
11/10/2010,1402
11/11/2010,1413
11/12/2010,1387
11/15/2010,1367
11/16/2010,1363.25
11/17/2010,1336.5
11/18/2010,1356.75
11/19/2010,1357.5
11/22/2010,1357.5
11/23/2010,1361
11/24/2010,1376.25
11/25/2010,1370.5
11/26/2010,1366.5
11/29/2010,1360
11/30/2010,1375
12/1/2010,1391.5
12/2/2010,1390
12/3/2010,1391.75
12/6/2010,1411.5
12/7/2010,1426
12/8/2010,1395
12/9/2010,1382
12/10/2010,1390
12/13/2010,1388.25
12/14/2010,1405
12/15/2010,1388.25
12/16/2010,1384
12/17/2010,1374.75
12/20/2010,1381
12/21/2010,1386
12/22/2010,1389
12/23/2010,1384
12/24/2010,1380.5
12/29/2010,1403.5
12/30/2010,1411.5
12/31/2010,1410.25
1/4/2011,1405.5
1/5/2011,1382.75
1/6/2011,1376
1/7/2011,1358
1/10/2011,1368.25
1/11/2011,1381
1/12/2011,1383.5
1/13/2011,1380.75
1/14/2011,1369.25
1/17/2011,1357.5
1/18/2011,1368.75
1/19/2011,1373.75
1/20/2011,1364.5
1/21/2011,1344
1/24/2011,1347.5
1/25/2011,1326
1/26/2011,1335.5
1/27/2011,1337.5
1/28/2011,1316
1/31/2011,1333.5
2/1/2011,1337.5
2/2/2011,1337
2/3/2011,1332.5
2/4/2011,1347.5
2/7/2011,1347
2/8/2011,1354
2/9/2011,1362.5
2/10/2011,1358.75
2/11/2011,1359
2/14/2011,1356.75
2/15/2011,1372.25
2/16/2011,1374.5
2/17/2011,1377
2/18/2011,1385.5
2/21/2011,1399.5
2/22/2011,1394.5
2/23/2011,1401.25
2/24/2011,1414.5
2/25/2011,1405
2/28/2011,1409.75
3/1/2011,1414.5
3/2/2011,1430.5
3/3/2011,1430.5
3/4/2011,1418
3/7/2011,1437
3/8/2011,1435
3/9/2011,1431.5
3/10/2011,1424.25
3/11/2011,1409.75
3/14/2011,1424.5
3/15/2011,1407
3/16/2011,1398.5
3/17/2011,1403.5
3/18/2011,1415.5
3/21/2011,1427.75
3/22/2011,1425.5
3/23/2011,1433
3/24/2011,1441.25
3/25/2011,1434
3/28/2011,1420
3/29/2011,1414
3/30/2011,1419
3/31/2011,1431
4/1/2011,1434.5
4/4/2011,1432.5
4/5/2011,1434.5
4/6/2011,1457
4/7/2011,1456.5
4/8/2011,1470.5
4/11/2011,1469.5
4/12/2011,1461.25
4/13/2011,1458
4/14/2011,1457.5
4/15/2011,1472.5
4/18/2011,1484.5
4/19/2011,1495
4/20/2011,1505
4/21/2011,1507
4/26/2011,1505
4/27/2011,1508
4/28/2011,1531
5/3/2011,1546.5
5/4/2011,1536
5/5/2011,1514.5
5/6/2011,1487.75
5/9/2011,1505
5/10/2011,1517.25
5/11/2011,1524.5
5/12/2011,1488.25
5/13/2011,1511
5/16/2011,1495
5/17/2011,1495.5
5/18/2011,1491.25
5/19/2011,1488.75
5/20/2011,1502.75
5/23/2011,1508.5
5/24/2011,1520.75
5/25/2011,1527
5/26/2011,1521.5
5/27/2011,1525
5/31/2011,1537
6/1/2011,1532.25
6/2/2011,1540.75
6/3/2011,1531
6/6/2011,1542.75
6/7/2011,1548.4
6/8/2011,1535.5
6/9/2011,1534
6/10/2011,1541
6/13/2011,1524.7
6/14/2011,1519
6/15/2011,1517.75
6/16/2011,1525
6/17/2011,1526.25
6/20/2011,1537
6/21/2011,1543
6/22/2011,1546
6/23/2011,1541.5
6/24/2011,1521
6/27/2011,1501
6/28/2011,1502.5
6/29/2011,1506
6/30/2011,1508
7/1/2011,1492.75
7/4/2011,1495.25
7/5/2011,1498.75
7/6/2011,1515.8
7/7/2011,1526.25
7/8/2011,1526
7/11/2011,1543.5
7/12/2011,1544.5
7/13/2011,1571.5
7/14/2011,1592.5
7/15/2011,1578.5
7/18/2011,1598.25
7/19/2011,1602
7/20/2011,1584.25
7/21/2011,1600.5
7/22/2011,1588
7/25/2011,1618.5
7/26/2011,1610
7/27/2011,1621
7/28/2011,1617.5
7/29/2011,1613.75
8/1/2011,1613.5
8/2/2011,1624
8/3/2011,1667.5
8/4/2011,1664.25
8/5/2011,1665
8/8/2011,1709.75
8/9/2011,1770
8/10/2011,1753.75
8/11/2011,1786
8/12/2011,1755
8/15/2011,1738
8/16/2011,1779
8/17/2011,1792
8/18/2011,1794.5
8/19/2011,1862
8/22/2011,1877.75
8/23/2011,1886.5
8/24/2011,1850
8/25/2011,1716.5
8/26/2011,1787
8/30/2011,1791
8/31/2011,1826
9/1/2011,1815.5
9/2/2011,1854
9/5/2011,1896.5
9/6/2011,1891
9/7/2011,1844
9/8/2011,1827
9/9/2011,1879.5
9/12/2011,1843
9/13/2011,1806
9/14/2011,1829
9/15/2011,1806
9/16/2011,1778
9/19/2011,1817
9/20/2011,1792
9/21/2011,1810.25
9/22/2011,1765.5
9/23/2011,1730
9/26/2011,1615
9/27/2011,1671
9/28/2011,1655
9/29/2011,1620
9/30/2011,1629
10/3/2011,1660
10/4/2011,1672
10/5/2011,1600
10/6/2011,1649.5
10/7/2011,1651
10/10/2011,1664
10/11/2011,1662
10/12/2011,1687
10/13/2011,1673
10/14/2011,1676
10/17/2011,1689
10/18/2011,1658
10/19/2011,1651
10/20/2011,1629
10/21/2011,1623
10/24/2011,1651
10/25/2011,1656.25
10/26/2011,1713
10/27/2011,1708
10/28/2011,1735
10/31/2011,1718
11/1/2011,1702
11/2/2011,1731
11/3/2011,1732.5
11/4/2011,1756
11/7/2011,1764
11/8/2011,1794
11/9/2011,1780
11/10/2011,1766
11/11/2011,1764
11/14/2011,1780.5
11/15/2011,1765
11/16/2011,1773
11/17/2011,1756
11/18/2011,1730
11/21/2011,1704
11/22/2011,1697.5
11/23/2011,1686
11/24/2011,1699
11/25/2011,1676
11/28/2011,1714
11/29/2011,1717
11/30/2011,1704
12/1/2011,1750
12/2/2011,1751
12/5/2011,1744
12/6/2011,1720
12/7/2011,1731
12/8/2011,1739
12/9/2011,1712
12/12/2011,1680
12/13/2011,1665
12/14/2011,1635
12/15/2011,1590
12/16/2011,1589.5
12/19/2011,1593
12/20/2011,1605
12/21/2011,1637.5
12/22/2011,1609
12/23/2011,1607.5
12/28/2011,1584
12/29/2011,1537.5
12/30/2011,1574.5
1/3/2012,1590
1/4/2012,1603
1/5/2012,1614.5
1/6/2012,1621
1/9/2012,1618
1/10/2012,1627
1/11/2012,1641
1/12/2012,1652.5
1/13/2012,1642
1/16/2012,1643.5
1/17/2012,1662
1/18/2012,1657
1/19/2012,1664
1/20/2012,1646
1/23/2012,1675
1/24/2012,1669
1/25/2012,1659
1/26/2012,1713
1/27/2012,1722
1/30/2012,1720.5
1/31/2012,1738
2/1/2012,1744
2/2/2012,1747.5
2/3/2012,1759.5
2/6/2012,1717
2/7/2012,1720
2/8/2012,1743
2/9/2012,1733
2/10/2012,1715.5
2/13/2012,1727
2/14/2012,1721
2/15/2012,1725.5
2/16/2012,1716
2/17/2012,1732
2/20/2012,1729.5
2/21/2012,1737
2/22/2012,1754.75
2/23/2012,1776.5
2/24/2012,1778.5
2/27/2012,1765
2/28/2012,1774.75
2/29/2012,1788
3/1/2012,1721
3/2/2012,1714.5
3/5/2012,1698
3/6/2012,1685.5
3/7/2012,1682.5
3/8/2012,1701.5
3/9/2012,1699.5
3/12/2012,1705.25
3/13/2012,1694.75
3/14/2012,1662
3/15/2012,1646.75
3/16/2012,1649
3/19/2012,1654
3/20/2012,1648.5
3/21/2012,1656
3/22/2012,1636
3/23/2012,1651
3/26/2012,1658
3/27/2012,1694
3/28/2012,1677
3/29/2012,1655.75
3/30/2012,1660.75
4/2/2012,1664
4/3/2012,1674.75
4/4/2012,1631.75
4/5/2012,1622.5
4/10/2012,1643.75
4/11/2012,1654
4/12/2012,1655.5
4/13/2012,1670.5
4/16/2012,1648.25
4/17/2012,1652
4/18/2012,1646.5
4/19/2012,1642
4/20/2012,1640
4/23/2012,1632
4/24/2012,1638.75
4/25/2012,1641.25
4/26/2012,1648.25
4/27/2012,1654
4/30/2012,1662.5
5/1/2012,1661.25
5/2/2012,1652.5
5/3/2012,1642.5
5/4/2012,1629.5
5/8/2012,1627
5/9/2012,1585.5
5/10/2012,1590
5/11/2012,1580.75
5/14/2012,1563
5/15/2012,1559
5/16/2012,1537.5
5/17/2012,1547
5/18/2012,1588
5/21/2012,1590.25
5/22/2012,1575.75
5/23/2012,1555
5/24/2012,1558.5
5/25/2012,1560.5
5/28/2012,1579
5/29/2012,1573.75
5/30/2012,1548.75
5/31/2012,1567.5
6/1/2012,1552.5
6/6/2012,1633.25
6/7/2012,1620.75
6/8/2012,1576
6/11/2012,1593
6/12/2012,1589.25
6/13/2012,1612.75
6/14/2012,1619
6/15/2012,1622.25
6/18/2012,1623.5
6/19/2012,1628.5
6/20/2012,1618.75
6/21/2012,1600
6/22/2012,1570.5
6/25/2012,1569
6/26/2012,1583.25
6/27/2012,1567.5
6/28/2012,1567.75
6/29/2012,1569.5
7/2/2012,1596.25
7/3/2012,1608.5
7/4/2012,1617
7/5/2012,1616.75
7/6/2012,1591.75
7/9/2012,1581
7/10/2012,1594.5
7/11/2012,1576.5
7/12/2012,1565.5
7/13/2012,1579
7/16/2012,1584
7/17/2012,1595
7/18/2012,1579.5
7/19/2012,1580
7/20/2012,1583
7/23/2012,1571.5
7/24/2012,1573
7/25/2012,1587.5
7/26/2012,1603
7/27/2012,1618.75
7/30/2012,1616.5
7/31/2012,1622.75
8/1/2012,1614.75
8/2/2012,1604.5
8/3/2012,1595
8/6/2012,1606.75
8/7/2012,1613
8/8/2012,1607
8/9/2012,1612.75
8/10/2012,1608.5
8/13/2012,1622.25
8/14/2012,1614.5
8/15/2012,1594.75
8/16/2012,1603.5
8/17/2012,1616.5
8/20/2012,1615.25
8/21/2012,1624
8/22/2012,1640.5
8/23/2012,1662.5
8/24/2012,1666.5
8/28/2012,1663.5
8/29/2012,1664.25
8/30/2012,1657
8/31/2012,1657.75
9/3/2012,1686
9/4/2012,1691.5
9/5/2012,1689.5
9/6/2012,1708.5
9/7/2012,1696
9/10/2012,1732.75
9/11/2012,1731
9/12/2012,1742.75
9/13/2012,1730.5
9/14/2012,1772.5
9/17/2012,1767.25
9/18/2012,1756.75
9/19/2012,1774.5
9/20/2012,1760
9/21/2012,1773.75
9/24/2012,1758.5
9/25/2012,1766.75
9/26/2012,1763.75
9/27/2012,1755.25
9/28/2012,1781
10/1/2012,1770.5
10/2/2012,1778.5
10/3/2012,1777.25
10/4/2012,1786.5
10/5/2012,1790
10/8/2012,1769
10/9/2012,1770.75
10/10/2012,1763
10/11/2012,1767.25
10/12/2012,1767
10/15/2012,1747.25
10/16/2012,1737.5
10/17/2012,1747.75
10/18/2012,1748
10/19/2012,1732.75
10/22/2012,1725
10/23/2012,1717
10/24/2012,1708.5
10/25/2012,1715
10/26/2012,1704
10/29/2012,1712
10/30/2012,1713.5
10/31/2012,1718
11/1/2012,1723.25
11/2/2012,1708.25
11/5/2012,1679
11/6/2012,1691.75
11/7/2012,1730.5
11/8/2012,1715
11/9/2012,1732.75
11/12/2012,1735.75
11/13/2012,1724.75
11/14/2012,1724.5
11/15/2012,1723.5
11/16/2012,1710
11/19/2012,1723.25
11/20/2012,1734
11/21/2012,1726.75
11/22/2012,1729.75
11/23/2012,1734.75
11/26/2012,1747.25
11/27/2012,1747.25
11/28/2012,1741
11/29/2012,1724.5
11/30/2012,1728.25
12/3/2012,1718
12/4/2012,1706.75
12/5/2012,1703
12/6/2012,1693
12/7/2012,1697
12/10/2012,1708.5
12/11/2012,1709.75
12/12/2012,1712.5
12/13/2012,1694.75
12/14/2012,1696.5
12/17/2012,1690
12/18/2012,1699.5
12/19/2012,1674.5
12/20/2012,1667
12/21/2012,1648.25
12/24/2012,1662.5
12/27/2012,1655.25
12/28/2012,1658.75
12/31/2012,1664
1/2/2013,1681.5
1/3/2013,1684.5
1/4/2013,1632.25
1/7/2013,1653.75
1/8/2013,1653.75
1/9/2013,1663.5
1/10/2013,1663
1/11/2013,1669.5
1/14/2013,1667.75
1/15/2013,1681
1/16/2013,1679.75
1/17/2013,1683.25
1/18/2013,1690
1/21/2013,1688
1/22/2013,1692.5
1/23/2013,1692.25
1/24/2013,1677
1/25/2013,1670.25
1/28/2013,1656.75
1/29/2013,1660.5
1/30/2013,1666.25
1/31/2013,1674.5
2/1/2013,1665
2/4/2013,1664.25
2/5/2013,1678
2/6/2013,1670
2/7/2013,1675.75
2/8/2013,1669.75
2/11/2013,1663.5
2/12/2013,1641.75
2/13/2013,1648
2/14/2013,1644
2/15/2013,1629.25
2/18/2013,1611.25
2/19/2013,1613.5
2/20/2013,1602
2/21/2013,1568.5
2/22/2013,1580
2/25/2013,1592.5
2/26/2013,1597.25
2/27/2013,1608.5
2/28/2013,1591
3/1/2013,1570
3/4/2013,1578
3/5/2013,1584.25
3/6/2013,1574
3/7/2013,1580.5
3/8/2013,1577
3/11/2013,1577.5
3/12/2013,1582.5
3/13/2013,1591.5
3/14/2013,1585
3/15/2013,1593.25
3/18/2013,1599.5
3/19/2013,1602.5
3/20/2013,1611.5
3/21/2013,1608.75
3/22/2013,1611.5
3/25/2013,1602.25
3/26/2013,1597.25
3/27/2013,1591
3/28/2013,1602.5
4/2/2013,1597.75
4/3/2013,1568.5
4/4/2013,1545.25
4/5/2013,1552.75
4/8/2013,1577.25
4/9/2013,1572.5
4/10/2013,1581.5
4/11/2013,1555.75
4/12/2013,1548
4/15/2013,1416
4/16/2013,1378
4/17/2013,1379
4/18/2013,1397
4/19/2013,1414
4/22/2013,1425
4/23/2013,1417.25
4/24/2013,1424.5
4/25/2013,1446.5
4/26/2013,1462.25
4/29/2013,1472.5
4/30/2013,1472.75
5/1/2013,1469.5
5/2/2013,1456
5/3/2013,1476.5
5/7/2013,1463
5/8/2013,1454
5/9/2013,1469.5
5/10/2013,1449.25
5/13/2013,1429.75
5/14/2013,1436.5
5/15/2013,1412.25
5/16/2013,1377
5/17/2013,1376.75
5/20/2013,1353.75
5/21/2013,1378.75
5/22/2013,1385.25
5/23/2013,1386
5/24/2013,1385.25
5/28/2013,1379
5/29/2013,1384.5
5/30/2013,1406.25
5/31/2013,1410.25
6/3/2013,1396.75
6/4/2013,1405.25
6/5/2013,1396.5
6/6/2013,1399.5
6/7/2013,1410
6/10/2013,1376.75
6/11/2013,1369.5
6/12/2013,1377.25
6/13/2013,1386.25
6/14/2013,1379.75
6/17/2013,1386
6/18/2013,1378.5
6/19/2013,1366
6/20/2013,1303.25
6/21/2013,1290.25
6/24/2013,1283.25
6/25/2013,1285
6/26/2013,1229
6/27/2013,1232
6/28/2013,1203.25
7/1/2013,1243.5
7/2/2013,1260.75
7/3/2013,1246
7/4/2013,1249.5
7/5/2013,1232.75
7/8/2013,1225.5
7/9/2013,1252
7/10/2013,1252.25
7/11/2013,1280.75
7/12/2013,1275
7/15/2013,1281.25
7/16/2013,1286
7/17/2013,1284.25
7/18/2013,1279.75
7/19/2013,1286
7/22/2013,1313.75
7/23/2013,1326.75
7/24/2013,1340
7/25/2013,1312
7/26/2013,1327.75
7/29/2013,1330.75
7/30/2013,1322.25
7/31/2013,1331.5
8/1/2013,1323.75
8/2/2013,1285.75
8/5/2013,1311
8/6/2013,1292
8/7/2013,1275.5
8/8/2013,1287.75
8/9/2013,1305.5
8/12/2013,1325.75
8/13/2013,1334
8/14/2013,1323.25
8/15/2013,1339.5
8/16/2013,1360.75
8/19/2013,1375.25
8/20/2013,1365.75
8/21/2013,1360
8/22/2013,1370.5
8/23/2013,1374.5
8/27/2013,1411
8/28/2013,1425.5
8/29/2013,1406.25
8/30/2013,1392.75
9/2/2013,1391.25
9/3/2013,1391.25
9/4/2013,1403.75
9/5/2013,1391.75
9/6/2013,1368.25
9/9/2013,1386
9/10/2013,1373
9/11/2013,1365.25
9/12/2013,1340.25
9/13/2013,1308.25
9/16/2013,1314.75
9/17/2013,1317.25
9/18/2013,1299.75
9/19/2013,1363.5
9/20/2013,1355.25
9/23/2013,1321.75
9/24/2013,1316.5
9/25/2013,1320.25
9/26/2013,1332.5
9/27/2013,1321.5
9/30/2013,1335.75
10/1/2013,1332.25
10/2/2013,1293.75
10/3/2013,1309
10/4/2013,1316
10/7/2013,1311
10/8/2013,1321
10/9/2013,1309.5
10/10/2013,1298
10/11/2013,1285.75
10/14/2013,1276
10/15/2013,1255.5
10/16/2013,1278.25
10/17/2013,1308.5
10/18/2013,1317
10/21/2013,1316
10/22/2013,1311.75
10/23/2013,1333
10/24/2013,1336.25
10/25/2013,1341.75
10/28/2013,1351
10/29/2013,1346.75
10/30/2013,1349.5
10/31/2013,1333.75
11/1/2013,1314.75
11/4/2013,1314.25
11/5/2013,1311.25
11/6/2013,1317
11/7/2013,1316
11/8/2013,1309
11/11/2013,1283.75
11/12/2013,1281
11/13/2013,1276
11/14/2013,1283.25
11/15/2013,1281.75
11/18/2013,1283.5
11/19/2013,1272.25
11/20/2013,1271.5
11/21/2013,1248.5
11/22/2013,1241.75
11/25/2013,1231.75
11/26/2013,1250.75
11/27/2013,1250.75
11/28/2013,1241.75
11/29/2013,1245.25
12/2/2013,1237.5
12/3/2013,1219
12/4/2013,1213
12/5/2013,1234
12/6/2013,1230.75
12/9/2013,1228.5
12/10/2013,1245.75
12/11/2013,1255.25
12/12/2013,1243.5
12/13/2013,1222.75
12/16/2013,1229.5
12/17/2013,1237.25
12/18/2013,1233.25
12/19/2013,1205.25
12/20/2013,1195
12/23/2013,1192.75
12/24/2013,1196.5
12/27/2013,1209.25
12/30/2013,1201.5
12/31/2013,1201.5
1/2/2014,1219.75
1/3/2014,1232.25
1/6/2014,1238
1/7/2014,1237.5
1/8/2014,1226.5
1/9/2014,1226
1/10/2014,1232.25
1/13/2014,1246
1/14/2014,1248.75
1/15/2014,1238
1/16/2014,1237.25
1/17/2014,1241
1/20/2014,1254.75
1/21/2014,1247.75
1/22/2014,1239.5
1/23/2014,1244.25
1/24/2014,1259.25
1/27/2014,1270
1/28/2014,1253.5
1/29/2014,1254.75
1/30/2014,1254
1/31/2014,1246.5
2/3/2014,1246.5
2/4/2014,1253
2/5/2014,1257
2/6/2014,1258.5
2/7/2014,1260
2/10/2014,1273.5
2/11/2014,1282.75
2/12/2014,1286.5
2/13/2014,1290.25
2/14/2014,1308.5
2/17/2014,1326
2/18/2014,1314
2/19/2014,1318.75
2/20/2014,1313.75
2/21/2014,1320.75
2/24/2014,1333
2/25/2014,1332.75
2/26/2014,1340
2/27/2014,1331
2/28/2014,1327.75
3/3/2014,1344.25
3/4/2014,1339.5
3/5/2014,1333.5
3/6/2014,1334.25
3/7/2014,1348.25
3/10/2014,1334.25
3/11/2014,1348
3/12/2014,1355.75
3/13/2014,1371
3/14/2014,1370
3/17/2014,1379
3/18/2014,1362.5
3/19/2014,1346
3/20/2014,1327
3/21/2014,1338.5
3/24/2014,1322
3/25/2014,1314.75
3/26/2014,1314.5
3/27/2014,1295
3/28/2014,1295.75
3/31/2014,1294
4/1/2014,1286.5
4/2/2014,1284
4/3/2014,1287.25
4/4/2014,1293.5
4/7/2014,1299
4/8/2014,1314.75
4/9/2014,1309.75
4/10/2014,1321.5
4/11/2014,1317.25
4/14/2014,1324.5
4/15/2014,1311.5
4/16/2014,1299
4/17/2014,1299.25
4/22/2014,1290.75
4/23/2014,1283.5
4/24/2014,1283.5
4/25/2014,1294.25
4/28/2014,1302
4/29/2014,1289.75
4/30/2014,1292
5/1/2014,1283
5/2/2014,1285
5/6/2014,1308.5
5/7/2014,1311
5/8/2014,1291.25
5/9/2014,1289
5/12/2014,1292.75
5/13/2014,1292.75
5/14/2014,1300.25
5/15/2014,1303.75
5/16/2014,1293.75
5/19/2014,1301
5/20/2014,1291.5
5/21/2014,1292
5/22/2014,1294.5
5/23/2014,1292
5/27/2014,1283
5/28/2014,1265.25
5/29/2014,1254
5/30/2014,1254
6/2/2014,1244.75
6/3/2014,1244.25
6/4/2014,1246
6/5/2014,1244.75
6/6/2014,1254
6/9/2014,1255
6/10/2014,1253.5
6/11/2014,1262.5
6/12/2014,1261.75
6/13/2014,1273
6/16/2014,1281.75
6/17/2014,1264.5
6/18/2014,1269
6/19/2014,1282
6/20/2014,1310
6/23/2014,1313.5
6/24/2014,1323
6/25/2014,1312
6/26/2014,1311.5
6/27/2014,1315.25
6/30/2014,1313
7/1/2014,1325.75
7/2/2014,1326.75
7/3/2014,1322.5
7/4/2014,1321.5
7/7/2014,1313.25
7/8/2014,1318.25
7/9/2014,1322.5
7/10/2014,1343.25
7/11/2014,1336.5
7/14/2014,1321.25
7/15/2014,1312
7/16/2014,1297.5
7/17/2014,1302.75
7/18/2014,1310.25
7/21/2014,1312.75
7/22/2014,1307
7/23/2014,1307.5
7/24/2014,1300
7/25/2014,1292.5
7/28/2014,1305
7/29/2014,1307.5
7/30/2014,1297.5
7/31/2014,1295
8/1/2014,1284.5
8/4/2014,1293.5
8/5/2014,1292.75
8/6/2014,1288.5
8/7/2014,1302
8/8/2014,1317.5
8/11/2014,1308.25
8/12/2014,1311
8/13/2014,1309.25
8/14/2014,1315
8/15/2014,1313.6
8/18/2014,1302.75
8/19/2014,1300.25
8/20/2014,1294.5
8/21/2014,1280.5
8/22/2014,1281
8/26/2014,1286.5
8/27/2014,1285
8/28/2014,1288
8/29/2014,1285.75
9/1/2014,1287.25
9/2/2014,1277.75
9/3/2014,1268.5
9/4/2014,1271
9/5/2014,1264
9/8/2014,1267.25
9/9/2014,1256
9/10/2014,1254.25
9/11/2014,1247
9/12/2014,1237.25
9/15/2014,1234.75
9/16/2014,1238.75
9/17/2014,1236.5
9/18/2014,1223
9/19/2014,1222.5
9/22/2014,1214
9/23/2014,1225
9/24/2014,1224
9/25/2014,1210.5
9/26/2014,1222.25
9/29/2014,1217.75
9/30/2014,1210
10/1/2014,1208.5
10/2/2014,1214.5
10/3/2014,1207.5
10/6/2014,1193.25
10/7/2014,1207.5
10/8/2014,1220
10/9/2014,1227.5
10/10/2014,1222.25
10/13/2014,1228
10/14/2014,1233
10/15/2014,1223.5
10/16/2014,1241
10/17/2014,1238
10/20/2014,1241
10/21/2014,1251.75
10/22/2014,1246.75
10/23/2014,1240.5
10/24/2014,1231.75
10/27/2014,1230.5
10/28/2014,1228.25
10/29/2014,1228
10/30/2014,1205.75
10/31/2014,1173.25
11/3/2014,1170.75
11/4/2014,1169.25
11/5/2014,1145.25
11/6/2014,1144.5
11/7/2014,1145
11/10/2014,1172
11/11/2014,1151.25
11/12/2014,1163.25
11/13/2014,1161
11/14/2014,1154
11/17/2014,1187
11/18/2014,1202
11/19/2014,1200.75
11/20/2014,1194
11/21/2014,1193.25
11/24/2014,1196
11/25/2014,1202.25
11/26/2014,1195.75
11/27/2014,1196.5
11/28/2014,1184.5
12/1/2014,1178.75
12/2/2014,1197
12/3/2014,1203.25
12/4/2014,1204
12/5/2014,1204.5
12/8/2014,1195.25
12/9/2014,1206.5
12/10/2014,1228.25
12/11/2014,1219.5
12/12/2014,1223.5
12/15/2014,1210.75
12/16/2014,1199.25
12/17/2014,1199
12/18/2014,1210.75
12/19/2014,1197.5
12/22/2014,1195.25
12/23/2014,1179.5
12/24/2014,1177
12/29/2014,1194
12/30/2014,1186.5
12/31/2014,1199.25
1/2/2015,1184.25
1/5/2015,1192
1/6/2015,1211
1/7/2015,1213.75
1/8/2015,1206.5
1/9/2015,1211.25
1/12/2015,1222
1/13/2015,1239
1/14/2015,1228.75
1/15/2015,1235.25
1/16/2015,1258.25
1/19/2015,1275.5
1/20/2015,1292.25
1/21/2015,1298
1/22/2015,1287
1/23/2015,1293.5
1/26/2015,1282.75
1/27/2015,1279
1/28/2015,1287
1/29/2015,1275.5
1/30/2015,1263.5
2/2/2015,1274.25
2/3/2015,1281
2/4/2015,1269.25
2/5/2015,1263.75
2/6/2015,1264
2/9/2015,1242.25
2/10/2015,1237.5
2/11/2015,1235.5
2/12/2015,1225.25
2/13/2015,1225.75
2/16/2015,1233.5
2/17/2015,1221.75
2/18/2015,1206.5
2/19/2015,1217.75
2/20/2015,1203.5
2/23/2015,1193.5
2/24/2015,1195.5
2/25/2015,1206.5
2/26/2015,1220
2/27/2015,1205
3/2/2015,1216.75
3/3/2015,1207.75
3/4/2015,1204.25
3/5/2015,1199.75
3/6/2015,1196.5
3/9/2015,1173.75
3/10/2015,1161
3/11/2015,1158.75
3/12/2015,1161.25
3/13/2015,1156.5
3/16/2015,1157
3/17/2015,1154.75
3/18/2015,1149
3/19/2015,1164
3/20/2015,1171.75
3/23/2015,1181.4
3/24/2015,1193.25
3/25/2015,1192.55
3/26/2015,1209.4
3/27/2015,1198
3/30/2015,1187.4
3/31/2015,1179.25
4/1/2015,1181.25
4/2/2015,1201.5
4/7/2015,1208.5
4/8/2015,1211.1
4/9/2015,1196
4/10/2015,1201.9
4/13/2015,1197.85
4/14/2015,1191.45
4/15/2015,1189.85
4/16/2015,1204.6
4/17/2015,1204.55
4/20/2015,1203.25
4/21/2015,1197.7
4/22/2015,1202.4
4/23/2015,1187.75
4/24/2015,1192.15
4/27/2015,1182.75
4/28/2015,1201.4
4/29/2015,1204.8
4/30/2015,1204.3
5/1/2015,1179
5/5/2015,1187.4
5/6/2015,1191.25
5/7/2015,1183
5/8/2015,1185.25
5/11/2015,1184.75
5/12/2015,1184.45
5/13/2015,1193
5/14/2015,1214.75
5/15/2015,1216.3
5/18/2015,1228.15
5/19/2015,1219.65
5/20/2015,1206.75
5/21/2015,1209.6
5/22/2015,1211
5/26/2015,1194
5/27/2015,1187.85
5/28/2015,1189.45
5/29/2015,1190.4
6/1/2015,1187.3
6/2/2015,1188.75
6/3/2015,1186.6
6/4/2015,1182.45
6/5/2015,1175.9
6/8/2015,1173.4
6/9/2015,1181
6/10/2015,1186
6/11/2015,1180.5
6/12/2015,1179.25
6/15/2015,1178.25
6/16/2015,1182.1
6/17/2015,1178.5
6/18/2015,1198
6/19/2015,1198.15
6/22/2015,1193.7
6/23/2015,1183.35
6/24/2015,1175.75
6/25/2015,1174.6
6/26/2015,1174.4
6/29/2015,1176.5
6/30/2015,1175
7/1/2015,1171.7
7/2/2015,1164.3
7/3/2015,1168.25
7/6/2015,1164.25
7/7/2015,1166.25
7/8/2015,1154.25
7/9/2015,1162.1
7/10/2015,1162.4
7/13/2015,1154.95
7/14/2015,1153.2
7/15/2015,1154.75
7/16/2015,1145.1
7/17/2015,1143
7/20/2015,1115
7/21/2015,1108
7/22/2015,1096.8
7/23/2015,1101.65
7/24/2015,1083.75
7/27/2015,1098.6
7/28/2015,1095.6
7/29/2015,1096.75
7/30/2015,1085.65
7/31/2015,1080.05
8/3/2015,1093
8/4/2015,1092.6
8/5/2015,1086.5
8/6/2015,1085
8/7/2015,1091.35
8/10/2015,1094.8
8/11/2015,1113.25
8/12/2015,1116.8
8/13/2015,1117.35
8/14/2015,1116.75
8/17/2015,1117.3
8/18/2015,1119.15
8/19/2015,1123.2
8/20/2015,1137.95
8/21/2015,1149.35
8/24/2015,1153.5
8/25/2015,1154.25
8/26/2015,1134.4
8/27/2015,1128.5
8/28/2015,1125.5
9/1/2015,1141.9
9/2/2015,1140
9/3/2015,1130.05
9/4/2015,1125
9/7/2015,1121
9/8/2015,1120.85
9/9/2015,1122.3
9/10/2015,1107.75
9/11/2015,1106.35
9/14/2015,1108
9/15/2015,1105.5
9/16/2015,1109.75
9/17/2015,1118.15
9/18/2015,1136
9/21/2015,1136.85
9/22/2015,1129.3
9/23/2015,1124.6
9/24/2015,1134.45
9/25/2015,1145.5
9/28/2015,1137.5
9/29/2015,1124.6
9/30/2015,1122.5
10/1/2015,1114.2
10/2/2015,1106.3
10/5/2015,1134.35
10/6/2015,1136.9
10/7/2015,1147.9
10/8/2015,1143.3
10/9/2015,1151.5
10/12/2015,1164.2
10/13/2015,1154.4
10/14/2015,1173.7
10/15/2015,1183.35
10/16/2015,1176.35
10/19/2015,1171.65
10/20/2015,1173.7
10/21/2015,1174.4
10/22/2015,1166.45
10/23/2015,1171.55
10/26/2015,1168.5
10/27/2015,1165.75
10/28/2015,1171.5
10/29/2015,1159
10/30/2015,1147.75
11/2/2015,1135.8
11/3/2015,1130.9
11/4/2015,1118
11/5/2015,1107.3
11/6/2015,1107.7
11/9/2015,1095.6
11/10/2015,1092.5
11/11/2015,1088.6
11/12/2015,1087.6
11/13/2015,1083.75
11/16/2015,1094.5
11/17/2015,1080.8
11/18/2015,1070.5
11/19/2015,1073.1
11/20/2015,1085.15
11/23/2015,1068.35
11/24/2015,1073
11/25/2015,1072.2
11/26/2015,1070.5
11/27/2015,1064.65
11/30/2015,1055.65
12/1/2015,1069.25
12/2/2015,1066.9
12/3/2015,1050.6
12/4/2015,1063
12/7/2015,1082.7
12/8/2015,1071.75
12/9/2015,1078.4
12/10/2015,1072
12/11/2015,1067.2
12/14/2015,1068
12/15/2015,1069.15
12/16/2015,1065.75
12/17/2015,1065.85
12/18/2015,1055.25
12/21/2015,1071.15
12/22/2015,1077
12/23/2015,1071.5
12/24/2015,1071.9
12/29/2015,1067.25
12/30/2015,1067.8
12/31/2015,1062.25
1/4/2016,1072.7
1/5/2016,1078
1/6/2016,1083.85
1/7/2016,1096
1/8/2016,1097.45
1/11/2016,1104.7
1/12/2016,1094.85
1/13/2016,1081.8
1/14/2016,1090.75
1/15/2016,1081.1
1/18/2016,1090.45
1/19/2016,1087
1/20/2016,1093.2
1/21/2016,1096.8
1/22/2016,1097.65
1/25/2016,1103.7
1/26/2016,1114.7
1/27/2016,1116.5
1/28/2016,1119
1/29/2016,1112.9
2/1/2016,1122
2/2/2016,1123.6
2/3/2016,1130
2/4/2016,1146.25
2/5/2016,1158.5
2/8/2016,1173.4
2/9/2016,1188.9
2/10/2016,1183.4
2/11/2016,1223.25
2/12/2016,1239.5
2/15/2016,1208.45
2/16/2016,1212
2/17/2016,1202.4
2/18/2016,1204.4
2/19/2016,1221.5
2/22/2016,1203.65
2/23/2016,1218.75
2/24/2016,1232.25
2/25/2016,1235.4
2/26/2016,1231
2/29/2016,1234.15
3/1/2016,1240
3/2/2016,1229.35
3/3/2016,1241.95
3/4/2016,1271.5
3/7/2016,1267.6
3/8/2016,1274.1
3/9/2016,1258.25
3/10/2016,1247.25
3/11/2016,1262.25
3/14/2016,1256.55
3/15/2016,1233.6
3/16/2016,1233.1
3/17/2016,1269.6
3/18/2016,1254.5
3/21/2016,1244.25
3/22/2016,1251.8
3/23/2016,1232.2
3/24/2016,1216.45
3/29/2016,1216.45
3/30/2016,1238.2
3/31/2016,1233.6
4/1/2016,1232.1
4/4/2016,1215
4/5/2016,1231.5
4/6/2016,1225.75
4/7/2016,1237.5
4/8/2016,1235
4/11/2016,1247.25
4/12/2016,1259.2
4/13/2016,1245.75
4/14/2016,1240.3
4/15/2016,1229.75
4/18/2016,1237.7
4/19/2016,1241.7
4/20/2016,1247.75
4/21/2016,1257.65
4/22/2016,1245.4
4/25/2016,1230.85
4/26/2016,1234.5
4/27/2016,1244.75
4/28/2016,1256.6
4/29/2016,1274.5
5/3/2016,1296.5
5/4/2016,1280.3
5/5/2016,1275.75
5/6/2016,1280.25
5/9/2016,1277.75
5/10/2016,1264.85
5/11/2016,1271.8
5/12/2016,1268.3
5/13/2016,1275.15
5/16/2016,1281
5/17/2016,1270.1
5/18/2016,1270.9
5/19/2016,1253.75
5/20/2016,1256.5
5/23/2016,1250.4
5/24/2016,1242.65
5/25/2016,1220.75
5/26/2016,1226.65
5/27/2016,1221.25
5/31/2016,1210.5
6/1/2016,1216.25
6/2/2016,1215.5
6/3/2016,1211
6/6/2016,1240.55
6/7/2016,1241.1
6/8/2016,1252.4
6/9/2016,1258.35
6/10/2016,1266.6
6/13/2016,1284.1
6/14/2016,1279.4
6/15/2016,1282
6/16/2016,1307
6/17/2016,1284.5
6/20/2016,1283.25
6/21/2016,1280.8
6/22/2016,1265
6/23/2016,1265.75
6/24/2016,1313.85
6/27/2016,1324.6
6/28/2016,1312
6/29/2016,1317.75
6/30/2016,1317
7/1/2016,1331.75
7/4/2016,1348.75
7/5/2016,1344.75
7/6/2016,1370
7/7/2016,1367.1
7/8/2016,1356.1
7/11/2016,1358.25
7/12/2016,1352.85
7/13/2016,1340.25
7/14/2016,1325.7
7/15/2016,1330.5
7/18/2016,1326.15
7/19/2016,1332.2
7/20/2016,1325.6
7/21/2016,1322
7/22/2016,1323.2
7/25/2016,1315
7/26/2016,1321.25
7/27/2016,1320.8
7/28/2016,1341.3
7/29/2016,1332.5
8/1/2016,1348.85
8/2/2016,1358.15
8/3/2016,1364.4
8/4/2016,1351.15
8/5/2016,1362.6
8/8/2016,1330
8/9/2016,1332.9
8/10/2016,1351.85
8/11/2016,1344.55
8/12/2016,1336.7
8/15/2016,1339.2
8/16/2016,1349.1
8/17/2016,1342.75
8/18/2016,1347.1
8/19/2016,1346.85
8/22/2016,1334.3
8/23/2016,1338.5
8/24/2016,1337.3
8/25/2016,1324.5
8/26/2016,1324.9
8/30/2016,1318.85
8/31/2016,1314.45
9/1/2016,1305.7
9/2/2016,1311.5
9/5/2016,1328.3
9/6/2016,1330.05
9/7/2016,1348.75
9/8/2016,1348
9/9/2016,1335.65
9/12/2016,1327.5
9/13/2016,1328.5
9/14/2016,1323.2
9/15/2016,1320.1
9/16/2016,1314.25
9/19/2016,1315.05
9/20/2016,1315.4
9/21/2016,1319.6
9/22/2016,1332.45
9/23/2016,1335.9
9/26/2016,1336.3
9/27/2016,1335.85
9/28/2016,1324.8
9/29/2016,1320.85
9/30/2016,1327.9
10/3/2016,1318.65
10/4/2016,1309.15
10/5/2016,1274
10/6/2016,1265.5
10/7/2016,1255
10/10/2016,1262.1
10/11/2016,1256.4
10/12/2016,1255.7
10/13/2016,1258
10/14/2016,1256.15
10/17/2016,1252.7
10/18/2016,1261.65
10/19/2016,1269.75
10/20/2016,1269.2
10/21/2016,1263.95
10/24/2016,1267
10/25/2016,1269.3
10/26/2016,1273.9
10/27/2016,1269.3
10/28/2016,1265.9
10/31/2016,1274.2
11/1/2016,1284.4
11/2/2016,1295.85
11/3/2016,1293
11/4/2016,1301.7
11/7/2016,1286.8
11/8/2016,1284
11/9/2016,1304.55
11/10/2016,1280.9
